filename,tophat_mean,tophat_std,tophat_p95,tophat_p99,tophat_max,sobel_mean,sobel_std,sobel_p95,sobel_p99,sobel_max,intensity_mean,intensity_std,intensity_p95,intensity_p99,intensity_max,wedge_min,wedge_max,wedge_range,wedge_std,wedge_worst_gap,lbp_0,lbp_1,lbp_2,lbp_3,lbp_4,lbp_5,lbp_6,lbp_7,lbp_8,lbp_9,response_area_5,response_area_10,response_area_20,blob_count,blob_max_area,blob_total_area,nuisance_corner_mean,nuisance_background_mean,nuisance_background_std,label,group
cast_def_0_100.jpeg,0.12356759864885036,0.21907488802471634,0.7790055248618785,0.9613259668508286,1.038674033149171,0.048025701982880455,0.0922663461990427,0.27312117116764034,0.45943843618402025,0.7159027784932299,0.9556779678383509,0.24197989474500295,1.1988950276243093,1.2541436464088396,1.3756906077348066,0.7341653752337005,1.100528275274512,0.3663629000408115,0.09256969652420173,0.20916927991826506,0.002060666007253544,0.02612924497197494,0.007112241533606518,0.1424567848900193,0.2071028213461448,0.2447600207244124,0.07477273797748575,0.07250011775234327,0.17906598841316942,0.04403937638359003,0.457322827733029,0.24197265324934705,0.12036081908566161,6.0,11947.0,21609.0,177.2265625,162.17262017860537,29.725087515681544,1,1
cast_def_0_102.jpeg,0.08874446838935202,0.17772946741937798,0.6019417475728155,0.8883495145631067,1.0097087378640777,0.04639117003353519,0.10247698632107664,0.29857463906413484,0.5267664821573338,0.7452859518111213,0.8876475272507207,0.2569519328844284,1.1359223300970873,1.1601941747572815,1.2135922330097086,0.5254993215497921,1.0751556187894746,0.5496562972396826,0.17841249845303142,0.35689229462917127,0.0025952008346374544,0.02931664058424622,0.006064162754303599,0.14753521126760563,0.14552686489306207,0.2301643192488263,0.07404799165362545,0.09340114762649974,0.22266562336984871,0.04868283776734481,0.31207923669298204,0.13757446602411974,0.10035356226086115,9.0,6136.0,10780.0,152.3171875,150.3307140076588,19.34504009510181,1,3
cast_def_0_1046.jpeg,0.11881108947612426,0.2183147360980502,0.7333333333333333,0.9733333333333332,1.2333333333333334,0.04888567181600667,0.09009201734172893,0.2631961668076156,0.44465923256603307,0.7551195637483877,0.945512916087158,0.3024244527479806,1.3399999999999999,1.42,1.6266666666666667,0.5453235988780549,1.2707601032588551,0.7254365043808002,0.1973933233856298,0.3890393917207491,0.0016365048079794542,0.02415337753090844,0.008648390372095801,0.15079734814549364,0.21568416651735053,0.24781699814847996,0.07922116705488862,0.07637818789942065,0.15921877799677478,0.036445081526608136,0.40728789986091796,0.1984200278164117,0.1376356050069541,11.0,15125.0,17180.0,171.05953125,163.4629782236964,24.27884412458629,1,4
cast_def_0_1055.jpeg,0.19244672938551374,0.28349921450326443,0.8578947368421053,0.963157894736842,1.0842105263157893,0.057963826931718726,0.10959758400288831,0.32249406779647577,0.5313228586248427,0.7572937127119301,0.8598341449751564,0.3455690063759452,1.2052631578947368,1.2578947368421052,1.3105263157894735,0.4692405335131884,1.0344040524732037,0.5651635189600153,0.15274778568114294,0.3780926257553323,0.0020768805973732864,0.024670460275156667,0.006710845398448942,0.14418113280030734,0.2112295613340056,0.24821724411150328,0.08090230257629234,0.07434752334990036,0.16749501788758434,0.04016903166942784,0.5168932516434864,0.32423639372121105,0.2474397388310004,13.0,12796.0,28521.0,149.775625,139.39742240119375,34.16250514773002,1,6
cast_def_0_1112.jpeg,0.09353721051011772,0.1663678679762415,0.40625,0.8359375,0.9140625,0.044663791931831294,0.09642872181414215,0.23730870601201806,0.5112750044026728,1.0523773890317638,1.025240875899246,0.302092028994088,1.5390625,1.7109375,1.9609375,0.7623023188242265,1.3118954650426826,0.5495931462184561,0.13968828342361447,0.24737427998941552,0.0025269126468896374,0.023040101898266087,0.006810337743446462,0.14102432410222698,0.16763908291560523,0.24143314980688635,0.07138014627331744,0.08908907880680418,0.2230257210945846,0.03403114471197305,0.37877010079249057,0.24101715780564745,0.1272697545587443,14.0,7687.0,24265.0,217.93421875,207.96156349141788,15.24109418416582,1,12
cast_def_0_1115.jpeg,0.08587438627555001,0.15985860606537491,0.5142857142857142,0.8342857142857143,0.9428571428571428,0.04355308783749081,0.0888796641727166,0.2374258004701465,0.47312206452669375,0.7535521324543714,0.8969980299994256,0.2760931849055936,1.2,1.302857142857143,1.4000000000000001,0.4741636351377185,1.1175419769425596,0.6433783418048411,0.21003438657392115,0.4180405780106718,0.0031560193433443624,0.02956222957495546,0.008170017816238228,0.15147620259608044,0.17435734283532706,0.23150928989564776,0.08112751336217867,0.07980402137948588,0.192555357597353,0.04828200559938916,0.3927549258462048,0.13290914681741844,0.08991886841545048,11.0,7941.0,10544.0,159.10921875,157.6152499859611,19.6508705772994,1,13
cast_def_0_1123.jpeg,0.1128248145893292,0.19697604945720554,0.65,0.8875000000000001,1.0250000000000001,0.043725066075181555,0.08882993853482511,0.23756989065210335,0.47088791106833344,0.75104094428999,0.8896917893513394,0.3036489677118193,1.20625,1.2750000000000001,1.55625,0.43543303535412625,1.1563624392315959,0.7209294038774696,0.2201003939448818,0.44830997929303096,0.002340668219191103,0.027351361627299082,0.0076992538377453545,0.14998098949669691,0.17539565609999525,0.2392709471983271,0.08150753291193384,0.08015303455158976,0.1959864074901383,0.04031414856708331,0.4394509630285588,0.23164711091432366,0.12705335399601506,17.0,13617.0,20419.0,156.41984375,150.45438662173967,24.200353911738954,1,14
cast_def_0_1145.jpeg,0.11582722747357235,0.2083822014474058,0.6666666666666667,0.9375,0.9895833333333334,0.0461998110749136,0.09813623103769646,0.26682034552917905,0.5124622526946851,0.769981669858707,0.8871733831124039,0.2872082501572396,1.203125,1.2552083333333333,1.3177083333333335,0.48443716572463474,1.1024747515687396,0.618037585844105,0.17812324792100806,0.3987325196973334,0.002258176882514744,0.025020119395096872,0.005765557997909985,0.14296181518984302,0.17719481580243354,0.23867007795514877,0.07476006870623281,0.0855344552148271,0.20667123106674834,0.04116368178924483,0.3746294535488562,0.24105375020974326,0.14459421667878516,6.0,6829.0,21098.0,147.169375,141.37444628166656,23.469572660642942,1,18
cast_def_0_1147.jpeg,0.135622173654269,0.16620293478783946,0.5118110236220472,0.8031496062992126,1.4015748031496063,0.05399800396468905,0.10208681895637212,0.26016480088321664,0.5461844528459628,0.9927858385610877,1.0197415538287407,0.24226066635184182,1.4015748031496063,1.716535433070866,1.9685039370078738,0.8382144746141723,1.203013079288661,0.36479860467448877,0.10689929053858505,0.1691987925408479,0.007197086480653615,0.0437124248496994,0.01638854632341606,0.14780522583628797,0.18159395714505935,0.21030522583628797,0.09968976414367196,0.07262602127331587,0.15412555880992754,0.06655618930168028,0.6559127149133115,0.40779744363892756,0.1906875418075317,29.0,19726.0,43759.0,229.40015625,222.9227434487221,11.503649585262476,1,19
cast_def_0_1187.jpeg,0.09165990821340421,0.16489807969683565,0.5204678362573099,0.8070175438596492,0.9590643274853803,0.041162642941549456,0.0820154005415751,0.20045666955425237,0.4490845413193336,0.7389002283233503,0.9153619298811049,0.30102865241528437,1.3157894736842106,1.391812865497076,1.4619883040935673,0.49590798877567155,1.1811023647524799,0.6851943759768083,0.22863884479995317,0.41242951631676006,0.00121386630532972,0.018772583559168925,0.004784891598915989,0.14596036585365854,0.22119184733514002,0.25661980578139115,0.07154753839205058,0.08097617434507678,0.17111280487804878,0.027820121951219513,0.37075025478872137,0.1897457339221784,0.11917579115164502,11.0,12844.0,14230.0,183.5078125,181.81051246195608,21.83031071198111,1,23
cast_def_0_1261.jpeg,0.12731979647069266,0.2505291370590247,0.801980198019802,0.9405940594059405,0.9851485148514851,0.04642642162483007,0.10540561130424553,0.28955965154278557,0.5251043794581765,0.7643596819943373,0.8675540178127841,0.2929865828298279,1.108910891089109,1.1386138613861387,1.2425742574257426,0.5413921530680598,0.986532645388215,0.4451404923201552,0.1333760814454745,0.3138731226202983,0.0011909124221326493,0.021554206145631576,0.003376433020991467,0.13196880071193007,0.1477254881432236,0.21969062450923937,0.053826624090457,0.0954823849657122,0.2920745432654557,0.0331099827252264,0.28541054115131337,0.19290209705246275,0.15733968361966322,6.0,10835.0,15652.0,132.10921875,125.84526169706582,24.442209370611483,1,31
cast_def_0_1283.jpeg,0.09759478478332298,0.1736935986878666,0.5755813953488371,0.8139534883720929,0.9651162790697674,0.04136433049483269,0.07666785305717157,0.20305705950766761,0.36718851477322706,0.7078354064911779,0.936703733092074,0.28495520728823054,1.2790697674418605,1.313953488372093,1.4302325581395348,0.5636456365943298,1.1909814803751628,0.6273358437808331,0.1968229848703936,0.35737307220655257,0.0007400359446030236,0.017417274553335447,0.004017337984987842,0.14365947774606194,0.2134871550903901,0.2542552066814674,0.0663125066074638,0.08358441695739507,0.1907971244317581,0.025729464002537266,0.40551412872841447,0.20831289246467818,0.11640257064364207,13.0,12188.0,16703.0,168.248125,166.37000720723927,18.571362616880325,1,33
cast_def_0_1350.jpeg,0.09199343225616492,0.16529330169971035,0.5406976744186045,0.8255813953488372,0.9534883720930233,0.04391950734089722,0.08301811386384904,0.22430862469605156,0.43019327274325986,0.7487440470901932,0.9530819951718702,0.249828851261081,1.267441860465116,1.3662790697674416,1.4593023255813953,0.6104281307974019,1.198806478979102,0.5883783481817001,0.16559584617955972,0.33305767075914827,0.001128084606345476,0.02262044653349001,0.005828437132784959,0.14806110458284372,0.21216216216216216,0.2498589894242068,0.07319623971797885,0.07935370152761458,0.17155111633372502,0.03623971797884842,0.40118940704882483,0.18134624230609162,0.10065055965653955,14.0,12371.0,15954.0,158.2890625,153.34840411445037,21.498441636485644,1,35
cast_def_0_1359.jpeg,0.08922940480882932,0.17997125779893014,0.6193181818181819,0.8636363636363638,1.0454545454545454,0.043646820764551814,0.09340706273703636,0.2643553296353263,0.48808339141231094,0.7285838013778272,0.9349619143174525,0.2583537455645762,1.25,1.3352272727272727,1.4204545454545454,0.5810866050933547,1.165958937587674,0.5848723324943192,0.17423317929483853,0.3497393551202699,0.00224345492057769,0.02738216853955091,0.006940688660537228,0.1505518498487671,0.1756004246539671,0.23555275123690483,0.07784988882879634,0.08312801714640547,0.19702341606073354,0.04372734010375979,0.36335566942583103,0.13385701146836346,0.08727968917168759,11.0,11201.0,13536.0,146.25890625,142.62107086376986,14.900784167479491,1,36
cast_def_0_1427.jpeg,0.12900316321415975,0.19515915809122347,0.652542372881356,0.8050847457627119,0.9745762711864407,0.05399441735845083,0.11888478090076442,0.2971034785492868,0.6301203280142199,1.330160944572482,1.1437836974134707,0.47407116947910394,2.084745762711864,2.1440677966101696,2.1610169491525424,0.8150761674976937,1.9055077728470085,1.0904316053493148,0.3722889479586683,0.31545999769758726,0.003396668129846784,0.025135344160866203,0.009280742459396751,0.1382914236742543,0.1622666750276959,0.23517485002403796,0.07447586797934826,0.08532430342175122,0.2267615643485713,0.039892560774231305,0.496039352214051,0.32481223595681424,0.1902382256297919,12.0,16994.0,32531.0,233.18109375,219.7742096125116,26.213279199915657,1,40
cast_def_0_1443.jpeg,0.11684589911656507,0.21621494128699956,0.7331521739130117,0.9347826086956521,1.0652173913043477,0.04533026958755277,0.09626811841807435,0.26156532274677396,0.49387871153985435,0.7643614071263402,0.916711089385063,0.2612464260565672,1.184782608695652,1.2282608695652173,1.3478260869565217,0.602556733996511,1.0885731176530442,0.4860163836565332,0.12323596968469822,0.3078373498155872,0.0014412551021530811,0.021024721375683494,0.004565808148042204,0.14166107401009978,0.184425643338871,0.25194459419317217,0.07064350390019034,0.09006194096355055,0.20113760135543993,0.03309385761279746,0.36598049392105075,0.19975745866006187,0.14668612478546397,14.0,8476.0,18969.0,138.39234375,131.82553344521696,26.960438977962884,1,18
cast_def_0_1446.jpeg,0.13040732861422083,0.2255269193938287,0.7592592592592593,0.9197530864197532,1.1790123456790125,0.05146999523162499,0.09436087091732713,0.2690014424668758,0.46487772761323914,0.7936736046594468,0.9142639495735302,0.30141584716723885,1.2901234567901234,1.3827160493827162,1.5432098765432098,0.5903438037288395,1.1011834027331333,0.5108395990042938,0.16205934292940233,0.3096238682185367,0.002280864944762293,0.026516647765644313,0.00787471807744747,0.14572051121956192,0.2221103734757069,0.2443965901706189,0.07846685100472738,0.07172619426853044,0.15768549548286803,0.04322175359013239,0.4451470048429304,0.2206552757154867,0.1450037298852616,12.0,13035.0,18040.0,161.70703125,153.23453651606633,23.414517019872957,1,42
cast_def_0_146.jpeg,0.13468498643954452,0.23401040700305573,0.7500000000000002,0.9375,1.3124999999999998,0.04969812020189633,0.09423116864395115,0.26424272683647293,0.4795118774597767,0.8417177493264888,0.9286386254713652,0.31647011583355095,1.30625,1.425,1.55625,0.5649552930126895,1.1640190151446825,0.599063722131993,0.1802995488128463,0.3517793110683246,0.0017240695969244185,0.02452340374935595,0.007064721969006381,0.1454460782370893,0.22507034996631128,0.24871190202528634,0.07942610281003527,0.07372874638341723,0.15616701676509057,0.03813760849748325,0.49455724184050676,0.20429847862835063,0.1484405476194899,21.0,14003.0,20810.0,157.42203125,141.93615222637217,37.35619692469512,1,43
cast_def_0_1493.jpeg,0.14082206377723364,0.1850683363111315,0.6120689655172414,0.7586206896551724,1.2672413793103448,0.06666602877706065,0.12842764182992883,0.37560395213037273,0.6206970634668456,1.1810364491551715,1.043030863844922,0.29506380983657643,1.5517241379310347,2.0258620689655173,2.181034482758621,0.8024726294640939,1.4254884196950772,0.6230157902309833,0.16974603179378386,0.23014732534579985,0.006499523278767776,0.03659339036083097,0.010461009574710946,0.1490861723985121,0.17278794633864664,0.2247035599661595,0.09083218069749016,0.07865228893335303,0.17190164770972377,0.058482280741805094,0.6337514167922578,0.39513246229152915,0.18907170525738912,23.0,14175.0,30314.0,233.24375,223.1457730268894,13.763088627130738,1,44
cast_def_0_1534.jpeg,0.1251340151058487,0.22333415884299992,0.7696629213483148,0.9438202247191012,1.0842696629213484,0.05057772302499298,0.10226317468820564,0.28914511087936073,0.5152745929904309,0.7903161147874728,0.9194108520544512,0.2664312678210191,1.2191011235955056,1.3146067415730338,1.404494382022472,0.6040451933730316,1.097340068637513,0.49329487526448135,0.14108932883830647,0.3136395481980828,0.0023870509192828117,0.025345653019351204,0.006705199211468573,0.14748756185546272,0.19064222398047445,0.24067642049645294,0.07802169802464831,0.07992597460070539,0.1871957515857796,0.04161246630637396,0.4438943689127163,0.2544002587289938,0.14619432040102995,9.0,15184.0,20081.0,149.929375,145.1175961765297,22.7124787759561,1,49
cast_def_0_1689.jpeg,0.1200231629006948,0.21781867689126025,0.7759562841530054,0.9398907103825138,1.0655737704918031,0.0448900383786358,0.08476962357666776,0.23769510367520363,0.41432829449185704,0.7413213320336045,0.949960399137069,0.24489869477662882,1.1912568306010929,1.2349726775956285,1.3715846994535519,0.68353556243388,1.117237017809723,0.43370145537584304,0.10637850136684752,0.25415014189058693,0.0014871468026343743,0.022319699071470526,0.004561416663542409,0.1397168172559017,0.22097251902673115,0.24287981604368963,0.06787138054712005,0.07799397643059773,0.18623077019207937,0.03596645796623302,0.41823274409306976,0.246318701114559,0.12547214764710668,7.0,11902.0,20954.0,170.7165625,157.91754121499005,30.07187072888135,1,1
cast_def_0_1721.jpeg,0.15390656616610643,0.24522787265985435,0.7662337662337663,0.9545454545454546,1.220779220779221,0.054103440169476096,0.09423526824068677,0.2664019899315708,0.4582839069273267,0.7541296465898583,0.9178955302163183,0.32638944461727676,1.3181818181818181,1.3961038961038963,1.6103896103896105,0.49927126009202377,1.2774691060799024,0.7781978459878787,0.2142103529943114,0.40782163821256995,0.0018465353874354724,0.022212338091194588,0.007183966142358444,0.14737239362203983,0.234509994204305,0.24922836386181985,0.08046581213861145,0.07224401223835132,0.1508228539080506,0.03411373040583343,0.495118933040011,0.2928265190055373,0.19761758934039975,16.0,12879.0,23140.0,171.06890625,163.63282009443134,31.241259221143245,1,63
cast_def_0_1729.jpeg,0.09372250702230275,0.2033798953635001,0.6588235294117648,0.9647058823529413,1.1058823529411768,0.045459021459314554,0.09587475741011432,0.2580771317848662,0.5078419600471403,0.8235766793157774,0.9659842907594687,0.25108426400329015,1.2764705882352942,1.3588235294117648,1.488235294117647,0.7543625902902124,1.144372027501636,0.39000943721142367,0.1266291813466804,0.2069554803040382,0.0019726027397260273,0.02375890410958904,0.0058849315068493155,0.14612602739726027,0.19193424657534247,0.24577534246575342,0.07493698630136986,0.08518356164383561,0.18883287671232876,0.03559452054794521,0.312546072569416,0.14015275616348596,0.09956794168236546,11.0,7010.0,13247.0,151.8384375,146.2903019168943,17.85832640725191,1,64
cast_def_0_1800.jpeg,0.1004497601470715,0.17281184439791544,0.5677419354838711,0.838709677419355,1.006451612903226,0.04714524690728688,0.09091338388366083,0.22994055460242482,0.4890222835702761,0.8110722467117565,0.9642024531065982,0.29312290255131723,1.3612903225806452,1.470967741935484,1.5870967741935484,0.5910525861670768,1.2518669905841053,0.6608144044170285,0.20249148903298173,0.36300462876105066,0.0015893881453154877,0.025298757170172083,0.00830544933078394,0.15485181644359464,0.2070506692160612,0.24559034416826003,0.08349665391969407,0.07533460803059273,0.15881931166347993,0.03966300191204589,0.4682880676758682,0.21640694568121105,0.10978406055209261,20.0,11902.0,18711.0,158.82125,156.42181110229814,20.01471102089641,1,70
cast_def_0_1831.jpeg,0.13879293334374357,0.24222689472042544,0.8595505617977528,0.9775280898876406,1.0449438202247192,0.05293074004008313,0.09804469916122725,0.28981631820114917,0.47828259534874196,0.761264459021052,0.9435542668947455,0.26585945882517675,1.2134831460674158,1.2696629213483146,1.404494382022472,0.7591158468148927,1.0603550881239672,0.3012392413090744,0.07783127031501148,0.17230020699078508,0.002017118246742627,0.024995911246797144,0.006242163223027858,0.14227498228206945,0.2245543259008886,0.23537589271111595,0.07829962383470533,0.06933162514310637,0.17167311781060896,0.045235239600937685,0.5072899557801642,0.25609602021478206,0.14620341124447253,10.0,7884.0,19803.0,176.005625,165.60258134137254,26.889443271866316,1,74
cast_def_0_1849.jpeg,0.16194977632390664,0.22930542592784992,0.7191011235955057,1.0112359550561798,1.1348314606741572,0.0794778015695236,0.16759820367924527,0.4597384454717953,0.8657471309747442,1.5174208262355726,1.062793745331285,0.36271734346851325,1.7528089887640452,2.303370786516854,2.865168539325843,0.755656139628811,1.4400693093523746,0.6844131697235637,0.17090388418455021,0.29915866667223356,0.004031819861331478,0.03547132082853355,0.00831359081918755,0.15062270425351562,0.1461127170770936,0.22702080027820642,0.07787606772587972,0.08408137538307722,0.21588167532439306,0.05058792844878176,0.6377688854583494,0.4042168552334911,0.2135646239158254,32.0,17300.0,38338.0,214.6871875,207.74980014020932,15.19906455629192,1,75
cast_def_0_1860.jpeg,0.09988652818285114,0.18337766524944865,0.611111111111111,0.8888888888888888,0.9555555555555556,0.03913083441637146,0.08109260211559963,0.21154446557219697,0.41681550465727735,0.7554329965957794,0.9150740617680477,0.26597042136307736,1.2277777777777776,1.2944444444444443,1.3833333333333333,0.569036762208221,1.1685262049148555,0.5994894427066345,0.17391447946198435,0.3403925757851859,0.0011616002520081902,0.018063868325720586,0.003465112616160025,0.14162663411560875,0.19145731611277367,0.25541423846275,0.06875098440699323,0.08944321940463065,0.20297487793353283,0.02764214836982202,0.38822128696422636,0.22107468527337837,0.1131169933916639,8.0,10824.0,23667.0,160.6303125,151.94041261191126,31.002221434756848,1,76
cast_def_0_1898.jpeg,0.09976404652146148,0.21267099219011726,0.7184466019417476,0.9223300970873787,0.9757281553398058,0.03929431490145928,0.08564660217365148,0.2427851834081216,0.40885077584956897,0.7479716578849439,0.9060696961170965,0.25688615745822396,1.1310679611650485,1.1553398058252426,1.2135922330097086,0.5849550803641672,1.0579050539972585,0.4729499736330913,0.13210356158754463,0.30674774697107,0.0011182089623258747,0.017903239237238737,0.0031286059265075005,0.13639770172370722,0.14181030893496543,0.2203109572582468,0.05330525915087494,0.09661801268096547,0.30340339983107906,0.026004306294088956,0.2720119687482684,0.17278217986368927,0.12228071147559151,13.0,13317.0,15185.0,141.5478125,131.99536316673928,26.029375336341687,1,80
cast_def_0_1969.jpeg,0.0930558862348194,0.18392217687978926,0.6349206349206349,0.873015873015873,1.0423280423280423,0.04373418315540107,0.09543774464195393,0.2639974382570551,0.4967002196017134,0.7571061593789374,0.9338333752079508,0.2509971467193683,1.1957671957671956,1.2698412698412698,1.3333333333333333,0.5809248229790093,1.1519051366266804,0.5709803136476711,0.158347359535254,0.3434150525389055,0.0020421294094609336,0.024393655411642935,0.0051193107113883685,0.14454359806417322,0.16032114583041934,0.239656474669203,0.07071922119338686,0.09227347749461494,0.22253615688029765,0.038394830335412765,0.33661045050646354,0.14506100878215591,0.10438848734488744,13.0,7520.0,10835.0,151.8553125,148.66240217987274,21.611285030852432,1,83
cast_def_0_2.jpeg,0.13811199606013355,0.18907375422340283,0.6379310344827587,0.7586206896551724,1.293103448275862,0.06498555862531151,0.12626812211174604,0.3685568529595837,0.6250540991771856,1.1050907932902987,1.0484952849558997,0.3022308153886198,1.5689655172413794,2.043103448275862,2.181034482758621,0.7995745694573434,1.4471084238927898,0.6475338544354464,0.17715214881210875,0.23836678290332236,0.005980197103595058,0.035661407486235135,0.010653310507564892,0.14818627677786517,0.17350668579095915,0.22258594364502846,0.09361264054041549,0.07611159950030075,0.17472123259149586,0.058980706056540044,0.6053028995512599,0.3538574387297204,0.19016439420089748,26.0,15977.0,31245.0,231.7175,221.07701184462638,13.931228062701184,1,44
cast_def_0_2003.jpeg,0.10295321139433805,0.19076942657533366,0.6312849162011174,0.888268156424581,1.0782122905027933,0.03881881711649962,0.07513959708994117,0.19844692863247235,0.36469633600618034,0.7552367037552973,0.9150131556983349,0.26461000834954695,1.1955307262569834,1.2513966480446927,1.3743016759776538,0.5797326244438761,1.1003057742144169,0.5205731497705408,0.1638496546638805,0.3215157493062052,0.0011891506221419846,0.01999935137238792,0.004929569851788591,0.145108807281926,0.19493421834967514,0.2462947147660076,0.07257061933126494,0.08570532847583322,0.19883679448234112,0.030431445466633514,0.3827086891060295,0.2032274688519952,0.125137677717935,9.0,11530.0,19783.0,170.92828125,161.73781489763897,24.166252267867712,1,84
cast_def_0_2057.jpeg,0.17041714407778774,0.20182567594607448,0.6781609195402298,0.8160919540229885,1.0574712643678164,0.07960593324509957,0.17131893840314152,0.46552034550753835,0.9238848042537414,1.4097134156939959,1.1030111492049912,0.45293916013113117,2.160919540229885,2.586206896551724,2.9310344827586206,0.7500136324824989,1.6915747426199614,0.9415611101374626,0.26063145880688343,0.33720406400175973,0.003001824185466553,0.02979887777957374,0.009340291407855543,0.15504421917934744,0.15376267116170597,0.23934929688041195,0.07725079086521809,0.0798369778557739,0.20884614496501722,0.043768905719629624,0.6665159248013438,0.48643323212093803,0.270721622843853,7.0,43705.0,44267.0,216.7203125,209.0102553461043,16.319093371937434,1,88
cast_def_0_2161.jpeg,0.12487420928233378,0.18034246021485906,0.5964912280701753,0.7807017543859649,1.4298245614035088,0.05758039291175858,0.12165533209535066,0.3607332802690762,0.583608214731953,1.0616775961899965,1.0240415768493092,0.27888895565719596,1.4824561403508771,1.894736842105263,2.236842105263158,0.8218881432372014,1.2869679792886797,0.4650798360514783,0.14038228368776465,0.19198213073912251,0.0029023218574859887,0.022575203019558503,0.0052899462427084525,0.1426712798810477,0.18018700674825575,0.2595933889969118,0.0775906439437264,0.08582580349994282,0.18806473750428915,0.03529966830607343,0.5565006879034818,0.32249444385649273,0.1659302571700709,19.0,13277.0,23877.0,231.17125,221.013576532226,11.52440495900625,1,94
cast_def_0_22.jpeg,0.10076807334682465,0.19454439758631914,0.6440677966101694,0.9265536723163842,1.112994350282486,0.04945329472938696,0.10479867265336512,0.3040170162948358,0.5303741880342228,0.8196496964072236,0.9357156921069323,0.24259630824677722,1.2203389830508475,1.3163841807909604,1.384180790960452,0.6422038832242392,1.11059324946246,0.4683893662382208,0.13716047081638283,0.29182222330227947,0.002511145727023688,0.027300316914647904,0.0074662942471934255,0.15248160283611753,0.17557877209002526,0.24106998979427405,0.07764408873610142,0.08460009668582479,0.18899393027877745,0.0423537626900145,0.4137583140273522,0.19415589268365593,0.09956904067957054,9.0,12670.0,14986.0,148.86796875,146.23239547175078,17.13441661529801,1,96
cast_def_0_2201.jpeg,0.09273841564563086,0.1754477373823636,0.6043956043956044,0.8486813186813539,0.9560439560439561,0.04331132012831431,0.09537152765145769,0.25790434131911993,0.49949856361214157,0.7388794870540966,0.9260921230282985,0.23661483714191783,1.1593406593406592,1.2197802197802197,1.3516483516483517,0.5973829685445071,1.1039657137672345,0.5065827452227274,0.14622025782019518,0.3199355411994135,0.0025057954895681186,0.029895346188376862,0.0071555871199431844,0.1463545365618342,0.15322872418829647,0.23470057753896043,0.07843005882589411,0.08853364063944685,0.21019202165436102,0.04900371179331877,0.37132558573115404,0.13889752035299235,0.0969734634267603,13.0,7573.0,10415.0,151.76609375,150.92597353761664,19.75449849988455,1,97
cast_def_0_2259.jpeg,0.11433042162184952,0.18557570278618568,0.6277372262773723,0.8832116788321167,1.1240875912408756,0.052887266702499554,0.09239677789211954,0.25240993037314396,0.5019057329529882,0.790609428997987,0.9670323781827197,0.3245909438469502,1.3722627737226278,1.4744525547445255,1.7883211678832118,0.5610620318553237,1.2838757570069121,0.7228137251515885,0.2334556839822509,0.39818280644234283,0.004401925108580819,0.03401807723911257,0.013546190867472708,0.16017138161756075,0.19120788824979457,0.2345697851860547,0.1003052001408616,0.06829440075126189,0.14131940368587861,0.05216574715342176,0.5603378481871294,0.266482133870156,0.12193387453228595,32.0,16770.0,22937.0,167.18078125,161.24877168780176,21.455322034077213,1,101
cast_def_0_231.jpeg,0.1158016555382113,0.22148686001570844,0.7923497267759563,0.923497267759563,1.0,0.038961541984857816,0.08327643154508112,0.21273786205460982,0.43588097116826546,0.7603290549038726,0.9223337495244202,0.2701041387312892,1.2131147540983607,1.289617486338798,1.3770491803278688,0.6627465400813842,1.057456336647553,0.39470979656616867,0.11900518386565291,0.24732218636097603,0.0007628823080657466,0.017209435962470154,0.0028533779834147405,0.1382996641336332,0.19738836654018013,0.2545153715831294,0.06326969375724491,0.08818721329991182,0.20991152546738925,0.027602468964560648,0.3878729905179379,0.20950620838247722,0.12482702898483428,13.0,10795.0,22078.0,145.66765625,137.762983391175,22.4716218191449,1,107
cast_def_0_238.jpeg,0.17123973591032712,0.2005955083321335,0.6781609195402298,0.8160919540229885,1.0919540229885059,0.08011947329052183,0.17271181879793443,0.4684392785327583,0.93494478150801,1.403784896604909,1.1036550056551546,0.45405351135472255,2.1724137931034484,2.586206896551724,2.9310344827586206,0.7507288745446027,1.689428458438477,0.9386995838938744,0.2598189950915728,0.33632312987460355,0.0029719801709482993,0.029719801709482994,0.0092606902126749,0.155553442147434,0.15455485680999537,0.23818637882048052,0.07687918306209061,0.0789952329438058,0.21051129946860994,0.043367134654477585,0.673868984993632,0.49468962844011294,0.2771582036657622,11.0,40565.0,43796.0,217.029375,208.87460922488913,16.370607574036903,1,88
cast_def_0_2388.jpeg,0.10910451838059222,0.1987195785425401,0.6167664670658682,0.8982035928143712,0.9580838323353293,0.04111996454908605,0.08255308515195955,0.21331520988295016,0.43520797435072617,0.7555387886798111,0.865073696191568,0.3207857029318076,1.215568862275449,1.311377245508982,1.5089820359281438,0.4669629514506036,1.1472639012082648,0.6803009497576612,0.22912455746123184,0.39185663088657796,0.0018412229357276809,0.024822412911291697,0.00533045405466841,0.1392964709893732,0.18495198045121328,0.24347331931579247,0.07427402398136046,0.08453713701199068,0.20611467863840427,0.03535829971017787,0.3208077465610317,0.1901428616882497,0.1470616309777594,5.0,13082.0,17789.0,179.5890625,167.15207202346832,36.70587632973058,1,112
cast_def_0_2450.jpeg,0.08803588280403471,0.17303527609526026,0.5966850828729282,0.8342541436464087,0.9944751381215469,0.04124758465690872,0.08984236629163865,0.24766236922866003,0.47200342296984676,0.6961942553593239,0.9285593642029406,0.23352591462001376,1.165745856353591,1.2265193370165746,1.3756906077348066,0.6195636303101002,1.0974870130973404,0.4779233827872402,0.13865730209495672,0.2986906465032122,0.0023549653207161677,0.028818753696435294,0.007172428625194903,0.14872842625947633,0.15553524383031345,0.2351846873487822,0.07912253346954137,0.08778966611108124,0.20971019947308994,0.04558309586536911,0.3064952298613694,0.12701939219687755,0.0951715540900546,7.0,10756.0,12158.0,151.955625,148.87277696609402,19.51930063775219,1,117
cast_def_0_2480.jpeg,0.15203550359520623,0.255578017315446,0.8743169398907104,0.9508196721311475,1.0327868852459017,0.05144304217971406,0.09377032781648127,0.2673558656030137,0.46594753971291675,0.7503930609265448,0.9201769179048422,0.2869184840768058,1.2076502732240437,1.2622950819672132,1.3715846994535519,0.6985401304715764,1.0634998679728536,0.3649597375012772,0.09989137138268604,0.20821450796537722,0.0016410951053687254,0.02298835603949048,0.005887103076402094,0.1375524238714215,0.2361093021438433,0.2425173877933783,0.0708536299460783,0.07138763708353955,0.1705827190080492,0.04048034593242856,0.4805650291464093,0.27100113683090243,0.16982318651283168,7.0,8399.0,21986.0,178.61078125,163.64284548274173,32.09241894742358,1,119
cast_def_0_2483.jpeg,0.09854672220724917,0.17814751858529523,0.605095541401274,0.8471337579617835,0.9490445859872612,0.04090407081330432,0.07642210228926978,0.20517316618383627,0.3755560673576781,0.7578430164403752,1.0012024411018505,0.2732120955267314,1.3503184713375795,1.464968152866242,1.611464968152866,0.6880599729444001,1.2742239707576348,0.5861639978132347,0.1769709078433071,0.2993732325597712,0.0010542709955672696,0.023241883311369355,0.006613154426740146,0.1483407212172038,0.21788666586797653,0.24612435605606806,0.07641068647418234,0.0794536959386606,0.16565233017850725,0.035222235533724694,0.416934475986431,0.2033119085877522,0.11071683627923586,11.0,12370.0,17706.0,185.799375,181.02467098519946,27.78820628174769,1,120
cast_def_0_2485.jpeg,0.09396946044340176,0.20344596499522707,0.6627218934911243,0.9644970414201184,1.1005917159763312,0.045232849435867875,0.09585791211948934,0.2526274666929359,0.5082556931116541,0.8283231153975953,0.9660220331513687,0.2515954756963289,1.2781065088757397,1.3609467455621302,1.502958579881657,0.7557010912076012,1.1417602031354663,0.38605911192786513,0.12557483945339756,0.20610450737015562,0.001791735757926483,0.023448367962429193,0.006387927484781375,0.14807972667683098,0.19107025607353906,0.24485571519191604,0.07403986333841549,0.0840557775131598,0.1888778837486228,0.03739274625237878,0.3212790057258056,0.14510916440648025,0.09944820276210369,9.0,6911.0,13500.0,150.87890625,145.08521722842056,17.280917712901196,1,121
cast_def_0_2515.jpeg,0.12489529966030329,0.22113223138464191,0.7407407407407407,0.9259259259259259,1.2839506172839505,0.05045775788235425,0.09633354737169625,0.26954977930588825,0.49149939587131414,0.8342487541758309,0.9320123820726377,0.30345715502846893,1.2962962962962963,1.4135802469135803,1.5493827160493827,0.582107139156174,1.1509368943115834,0.5688297551554095,0.18087256118779174,0.3366094161521853,0.0020779841165581895,0.026643577954260464,0.007834238968173405,0.14879082820803727,0.2150832985012241,0.24449752194422883,0.07965605780139727,0.07469994625903147,0.15824923866961246,0.04246730757747656,0.46751209744702155,0.19521664163746594,0.1309416541520663,15.0,13367.0,16616.0,157.92296875,149.25156649352792,30.722783580413083,1,123
cast_def_0_2576.jpeg,0.08835999060076762,0.15813120772010372,0.3308823529411764,0.8235294117647058,0.9117647058823529,0.043861349604184086,0.09502468558475939,0.225720773153557,0.5108745263609181,0.8929907910972144,1.0106443173807473,0.2703291015486198,1.4632352941176472,1.6470588235294117,1.8529411764705883,0.7678525626248357,1.2779387288233475,0.5100861661985118,0.12595371263159025,0.22926362770551312,0.0024549264092990327,0.022311284668699118,0.006040260793112504,0.13890316171684994,0.15994701926260863,0.24066271594788705,0.07063337101359915,0.08819465853686385,0.2374656024846139,0.03338699916646685,0.3864607190412783,0.2263328894806924,0.11106258322237017,15.0,12933.0,20810.0,217.0565625,207.62243111542278,14.165605758564569,1,125
cast_def_0_2640.jpeg,0.12307773438978399,0.21376620590789505,0.694267515923567,0.9044585987261147,1.0828025477707004,0.04783744504935745,0.09394328975988452,0.2567081926264653,0.48752878449151443,0.7538106231651129,0.8775001280118971,0.3306812767720362,1.2356687898089171,1.3121019108280254,1.592356687898089,0.441172246559344,1.1168102099932875,0.6756379634339436,0.2183845968789432,0.4280910544567808,0.002367113527702259,0.025241398706290427,0.007323989875316396,0.14747586012937094,0.18949798443798632,0.24224242992406486,0.08187634761413706,0.07825536701978063,0.1855137339458142,0.04020577481953689,0.43604727368053126,0.24085765466620063,0.14533816847256203,12.0,13383.0,21442.0,158.71046875,154.21182905546334,22.33519916467847,1,129
cast_def_0_2663.jpeg,0.11252650827662641,0.18348016185721588,0.5882352941176471,0.7647058823529411,0.8455882352941176,0.04278849331052944,0.09224634535564867,0.25921724941869473,0.46875057562799893,0.86458246480689,1.0081171699243734,0.2762248244940577,1.411764705882353,1.7941176470588236,1.875,0.7340013655200074,1.3384717636982477,0.6044703981782403,0.17341299972336544,0.26101501671033767,0.0019223253799761295,0.020173854262386853,0.004393886582802581,0.13484795673711672,0.16558403836200977,0.24880382775119617,0.0718442705197672,0.08947262798779007,0.2305100499593354,0.03244716245761906,0.43997549818706344,0.21735479217917938,0.17453589811988104,17.0,16364.0,21489.0,241.2809375,230.0327656399314,14.093146815228938,1,132
cast_def_0_2683.jpeg,0.09728444234985284,0.1802692817838434,0.5906432748538012,0.8596491228070176,0.9649122807017544,0.03746276696470157,0.06950657803964949,0.17713603747958856,0.32396667192977696,0.7558988524493401,0.9343567162808282,0.288631990711897,1.2748538011695907,1.3099415204678364,1.4444444444444446,0.5535075297894694,1.2117980922766585,0.6582905624871891,0.2026842889491104,0.36672309080611387,0.0008001557059752167,0.018176510023572155,0.003989965614930473,0.14465517614238446,0.20795398023399148,0.25142189831534784,0.06591552950844488,0.08651413247983392,0.19419995242317423,0.02637269955234532,0.3813797424858003,0.1933579932488428,0.11685161603298769,12.0,14709.0,18698.0,167.03765625,161.92591026135418,23.701706647988456,1,133
cast_def_0_2690.jpeg,0.1355008615264355,0.21180777748641047,0.7094017094017093,0.8888888888888888,1.1282051282051282,0.05894256499161124,0.13015448893223375,0.3429789993499233,0.670851700846904,1.2837346498321915,1.1145450283160034,0.43707385560727335,1.9145299145299146,2.042735042735043,2.1794871794871797,0.7811626330452366,1.511251823101968,0.7300891900567315,0.2349526011083663,0.30977929563773676,0.0029435348808883387,0.025040346728108728,0.00845505019234478,0.14297459424894185,0.16844124602876545,0.2433085332061185,0.07374062382639235,0.08902670496645385,0.20839211944661545,0.03767724647537073,0.5118695631506394,0.30905547368921427,0.18410419736654465,22.0,25235.0,31785.0,232.49421875,215.8218872379636,32.71518249752404,1,134
cast_def_0_2753.jpeg,0.10318607187944477,0.16902434981796652,0.5762711864406781,0.7966101694915254,1.0508474576271187,0.04124349103515595,0.08124879812786064,0.21890377136790254,0.423365940979721,0.7066015889337761,0.9127479908270306,0.265328090001703,1.2033898305084747,1.2937853107344635,1.3898305084745763,0.5489673308859313,1.1284262945707932,0.5794589636848619,0.1733903690152201,0.3507360437343595,0.001845152832066814,0.026232732040107797,0.007599116268906747,0.151193279759159,0.18850906795503655,0.2452717958678288,0.07830974289251985,0.08221855349729297,0.17808152662118526,0.04073903226589624,0.4783689706613625,0.24650784322589395,0.10570272591654989,13.0,13546.0,21347.0,175.07078125,172.58845381526103,19.080431827760364,1,140
cast_def_0_2820.jpeg,0.08320673409876655,0.15348801728292163,0.44654088050314467,0.8364779874213837,0.949685534591195,0.03920668008665159,0.07792097644167448,0.19559678894253318,0.40890600628402224,0.7478196356793625,0.9014182282080744,0.3193676628165462,1.3081761006289307,1.3962264150943395,1.522012578616352,0.36701653728037287,1.2443043632769737,0.8772878259966008,0.2509234598055391,0.5252888403190413,0.0017558355711629829,0.02360049576533774,0.0058743028299938025,0.14466277628589133,0.1846854988638711,0.24474540384218138,0.07491995455484404,0.0842155546374716,0.19942935343937204,0.03611082420987399,0.363838054349651,0.18009018300434126,0.10720024944235243,13.0,7128.0,14501.0,161.7065625,158.53391867591472,17.706882955887444,1,142
cast_def_0_2855.jpeg,0.1374583934264818,0.20761125471736427,0.6727272727272727,0.9,1.1545454545454548,0.06006337127307101,0.1305200373892367,0.3347164829627339,0.6713350150590898,1.3835011431954582,1.1531781579342182,0.49026478052166395,2.0545454545454542,2.2636363636363637,2.318181818181818,0.816983465403053,1.724453027022316,0.907469561619263,0.3194836582577256,0.31269368931177843,0.0036947325926315975,0.025064504238849983,0.00875853474452811,0.1419268776437962,0.15703052323030206,0.22445719902409914,0.06903269969985783,0.08620750179909782,0.24500201849999123,0.03882540852684605,0.4974830614597414,0.332393455130491,0.19735783651095096,15.0,36970.0,39365.0,224.71046875,204.0319585752139,23.02742919447068,1,145
cast_def_0_2973.jpeg,0.15285598722806032,0.2526980380228819,0.8176100628930818,0.9433962264150944,1.2138364779874216,0.057627692303911085,0.10301852967637957,0.2930640043016004,0.5114572271263774,0.824274363747616,0.9021811379779674,0.33530754616195607,1.320754716981132,1.4150943396226414,1.5660377358490565,0.5653053556779842,1.1296954980141123,0.564390142336128,0.16955773856100614,0.3195598592793323,0.0023929578668489874,0.02514030139874085,0.008845397829245363,0.14621257442383842,0.23540723015126913,0.2420875708628892,0.0803065265077059,0.0683844685639404,0.1514827792496368,0.039740193145884964,0.49989455091872514,0.26629847362454856,0.17947433632984472,13.0,12523.0,19694.0,161.509375,155.6997678680513,23.89095981433579,1,152
cast_def_0_2994.jpeg,0.17644715413671822,0.1938330120458049,0.6666666666666667,0.8333333333333334,1.65625,0.07260050871699798,0.12635444354579126,0.34380720763003714,0.6506448789126662,1.2562803383912655,1.0543740842054155,0.32445836884734414,1.6354166666666667,2.0833333333333335,2.59375,0.8298180956332423,1.365514719590596,0.5356966239573536,0.15498559993555935,0.21075099517159634,0.006358376168547725,0.043225883851201075,0.01654654349812202,0.15524958241433726,0.1798525299692694,0.21299175902769446,0.09807956737202499,0.0698590821420991,0.15322856009080757,0.0646081154658964,0.7891396516295724,0.5620486053911581,0.25317981220250224,26.0,28705.0,63210.0,210.5628125,200.4055176903048,15.126723682651784,1,153
cast_def_0_3016.jpeg,0.13378522473617468,0.23161439010078813,0.7864583333333333,0.9322916666666667,1.078125,0.047880872929248676,0.09341336883279852,0.27382475058350375,0.4632244129528885,0.7411588266019639,0.9000247036004596,0.28149468968586094,1.15625,1.21875,1.2916666666666667,0.5827492960175714,1.0550302861663445,0.4722809901487731,0.1488774925896094,0.30148128741242186,0.002469939711017054,0.02724792581199268,0.007555770115974896,0.15067754937072672,0.1931717393989065,0.24105488879657802,0.08301242828754589,0.07772451190623211,0.17520854150060064,0.0418767051004255,0.4801148570051246,0.2386531548997621,0.13932699663603115,16.0,18879.0,22078.0,148.17484375,138.598330839185,28.46467349831811,1,155
cast_def_0_3056.jpeg,0.11181056396887191,0.20648916095534342,0.6756756756756757,0.9135135135135135,0.9891891891891892,0.04466624348308973,0.09621352136736777,0.26510296663335836,0.4947007341798923,0.7649293259055944,0.9120152551205266,0.26868284276125515,1.172972972972973,1.2216216216216216,1.3513513513513513,0.5466371019806391,1.0801081387840048,0.5334710368033657,0.15126202157187577,0.358474811523377,0.002095523823701176,0.023566054804246013,0.005439201181738025,0.14188871966929656,0.16866104043330393,0.23346196567005234,0.07327462813040342,0.08603098627031112,0.22687766950268526,0.038704210514262156,0.3525930673503178,0.18317577311328312,0.14285103882924746,11.0,7284.0,16698.0,148.26375,142.1034111947496,27.705748071815737,1,157
cast_def_0_3070.jpeg,0.10413382845031259,0.18107046782376465,0.5617283950617284,0.8703703703703703,1.0493827160493827,0.04243960264130624,0.08054743679085372,0.1957198398574705,0.4279380792904979,0.7919373589629812,0.9455352354908263,0.2891536854385303,1.3271604938271606,1.3950617283950617,1.5246913580246915,0.5298744891062357,1.2732841457441422,0.7434096566379065,0.2088363649632842,0.40718829442491933,0.0011657756529521207,0.01908810437813523,0.00486328630979016,0.14308424201031536,0.2242646192977085,0.2540095617154565,0.07342031511269165,0.07909611172605449,0.17224040884576436,0.028767574951131625,0.39475648032308336,0.23321481091284213,0.13328285156164263,14.0,13427.0,20824.0,165.53046875,161.13445573172146,24.281107096952596,1,158
cast_def_0_3074.jpeg,0.08766206660579007,0.16015553482534908,0.3622047244094486,0.8267716535433071,0.9133858267716536,0.044059087138123086,0.09767532750941306,0.2409066023835422,0.5151375835007335,1.0637865214804736,1.0231114019883372,0.29129092983175414,1.5196850393700787,1.716535433070866,2.0078740157480315,0.7781052584932071,1.3322722147344808,0.5541669562412737,0.14216490988531483,0.23124463435764553,0.0024017808326173553,0.023031711317659923,0.006678122315082403,0.1414024056861673,0.16084120909161914,0.24102749355619776,0.07082324455205811,0.09181441849566507,0.22732953214090448,0.03465008201202843,0.35983995312128036,0.22332399421340804,0.10545880715632955,15.0,12682.0,23726.0,215.1228125,205.17690366679443,15.923552635149777,1,159
cast_def_0_3104.jpeg,0.09708527949836118,0.1930853970258502,0.6720430107526881,0.8924731182795699,1.075268817204301,0.04502210234315976,0.09683035204964703,0.2762637949924011,0.4887284557867742,0.7468003684149936,0.9322081081802547,0.23155057723336384,1.1720430107526882,1.2204301075268817,1.370967741935484,0.6451699812607298,1.1065280439121887,0.46135806265145896,0.11988593120691467,0.2813142073321325,0.0016823571436802138,0.023426247076040237,0.0048396575366143136,0.14427940956178054,0.17284491202193977,0.2453821601004805,0.07276770796123665,0.09158475738335849,0.20643443992487007,0.03675835128999919,0.3555331062128556,0.16152779718212984,0.10118324753624434,16.0,10323.0,14452.0,138.62125,134.11988867949336,21.546015243368736,1,161
cast_def_0_311.jpeg,0.08872902024680746,0.1565231913333879,0.3284671532846717,0.8175182481751825,0.9051094890510949,0.044176791138975956,0.09545164237258014,0.23128005167120214,0.5109331934356125,0.8977972374588169,1.0094896966111535,0.26893361302876406,1.4598540145985401,1.656934306569343,1.8540145985401462,0.7522759930352801,1.3323637709668439,0.5800877779315637,0.14881050400986262,0.24518478072723915,0.0022062510446264416,0.02167251657473954,0.006262187308485152,0.13899381581146583,0.15841551061340464,0.23855367987074488,0.07075603097665609,0.08868460638475681,0.24117221015098333,0.03328319126413728,0.40196639442334703,0.22768558497633043,0.11421734380689799,21.0,11453.0,21512.0,217.5,207.67914388522829,14.386217224677518,1,163
cast_def_0_3114.jpeg,0.12635020243580763,0.20997462472564163,0.7393939393939394,0.9393939393939394,1.103030303030303,0.05213959303005614,0.09381289271953713,0.2411034086161855,0.49587517615699067,0.8071535083503264,0.9591506337088435,0.27933622132251923,1.3818181818181818,1.4666666666666666,1.5333333333333332,0.6062319790105867,1.1431878356929313,0.5369558566823446,0.1475738145706017,0.34903629874152653,0.002489215158898417,0.028267358584100667,0.010779567340653313,0.15192650486768133,0.22736238120853505,0.24710734212996657,0.0905293801221403,0.06476178421879779,0.1320338786402135,0.044742587729013066,0.516758922140327,0.2769736257881183,0.13459432258828405,29.0,13655.0,26777.0,149.7925,137.2863448742822,29.116754415605175,1,164
cast_def_0_3148.jpeg,0.0797216233908616,0.18021586526578862,0.5916230366492148,0.8586387434554974,0.963350785340314,0.03970613319328859,0.08988983388932889,0.24977049437042753,0.4471066054201001,0.7404918901361942,0.9188651427690363,0.2460445067877837,1.1884816753926701,1.2460732984293195,1.324607329842932,0.6127470742887893,1.1146301907439462,0.5018831164551569,0.1534350038619657,0.2975402720798377,0.001309328968903437,0.019073397960468336,0.002769734357295732,0.13235553317386378,0.13766838725922195,0.21982878005791262,0.05214654412690419,0.09373032859121239,0.3102983759284905,0.030819589575727054,0.2338062129831215,0.12685815951494722,0.09724465669405623,10.0,4751.0,10627.0,159.93234375,156.4178388139137,19.42846423545707,1,166
cast_def_0_318.jpeg,0.14200050922658686,0.23736590741915847,0.7918781725888324,0.9238578680203046,0.9898477157360405,0.049683073505126955,0.0974807100775618,0.29146433869416144,0.4712033005017971,0.7636905694296348,0.8752153892030851,0.284583524393963,1.1269035532994924,1.1522842639593907,1.2741116751269035,0.5215398472418935,1.035985170723516,0.5144453234816224,0.15358954135718145,0.3396034979288317,0.0020520263760463457,0.026038212735075887,0.0066190362983446155,0.14735801604084034,0.1922523491948299,0.24531725078515035,0.07552458052326673,0.07959109620750492,0.18538306577745522,0.03986436606148572,0.5054626688540612,0.2629760201054138,0.15615437420736036,11.0,17800.0,21947.0,151.4259375,145.61105037019988,29.748157308867672,1,168
cast_def_0_324.jpeg,0.09414734171441957,0.18897108668735493,0.6505376344086021,0.8817204301075269,0.9838709677419355,0.03921701973410391,0.0850949223981921,0.22472881127888894,0.43339011141142836,0.776729391249548,0.93714237233714,0.23480721229494228,1.1935483870967742,1.2634408602150538,1.360215053763441,0.6522965247650677,1.0922520852556863,0.43995556049061857,0.12398902515868868,0.27530121703802946,0.0008562350416769827,0.018341998844598497,0.002836923330857473,0.14195964347610796,0.184812659899315,0.25347652059090536,0.06504291491293224,0.09276223487661962,0.2129858875959396,0.02692498143104729,0.3426593011801518,0.16776118826415312,0.1002066714310548,8.0,12226.0,17100.0,145.8215625,138.58998748435545,25.44742527408387,1,173
cast_def_0_3285.jpeg,0.17795790946654538,0.1900034730205849,0.65625,0.8229166666666666,1.5729166666666667,0.07353404404748064,0.1305485193758192,0.36145420566807474,0.6618664286843429,1.239290603565929,1.0620611329594323,0.32856183885071716,1.6354166666666667,2.1770833333333335,2.5729166666666665,0.8045041879837797,1.463527642467087,0.6590234544833075,0.1881005183132603,0.2463068219658041,0.006510253425270888,0.043395719530760275,0.015653264081669203,0.15449091071908302,0.176341004746127,0.2164054804334199,0.09901495477746933,0.07064565236858601,0.15298647801558163,0.06455628190203277,0.8031798430289352,0.5793697578064473,0.25461481456529794,26.0,33872.0,67162.0,210.2521875,200.31069086922608,15.491439621636964,1,177
cast_def_0_33.jpeg,0.15968054386993474,0.2734443997727521,0.8190954773869347,0.949748743718593,1.035175879396985,0.049186420404992916,0.10230938329861404,0.2992751105123794,0.49216096820633004,0.768328808749605,0.8567993039461943,0.3147013524969839,1.1306532663316582,1.155778894472362,1.2663316582914574,0.5259649947921863,0.9946268277058941,0.4686618329137078,0.12481176085535385,0.32254256592863506,0.001813258258079139,0.02317868944373531,0.0050341775322986625,0.13688906915432975,0.16493492550133013,0.22826774189700216,0.0644661028069715,0.0900067997184678,0.2503966502439548,0.03501258544383075,0.3727677827290002,0.2720665859160564,0.20438053539877096,7.0,16382.0,24146.0,127.41171875,116.45620664023787,28.18001478497453,1,178
cast_def_0_3344.jpeg,0.11959712190337095,0.21873727441726276,0.7555555555555555,0.9444444444444444,1.0944444444444446,0.04827114682616636,0.09982285806928554,0.27566645313560234,0.5147396272709681,0.816682019885915,0.9241326787603602,0.26230740635705724,1.222222222222222,1.3166666666666667,1.4,0.6084461081132919,1.1041826774058272,0.4957365692925353,0.14245529972710289,0.3133091789680271,0.0023961847155984646,0.026427823659416077,0.006862859136908224,0.1469931371408631,0.18733279050831686,0.23961847155984645,0.07919041526113761,0.082400837501454,0.18598348261021286,0.04279399790624636,0.41980999067305813,0.23522330434028155,0.13177016680042514,7.0,16819.0,21354.0,151.6784375,145.0864298646435,24.7419479553438,1,49
cast_def_0_3403.jpeg,0.10798698613954955,0.1837421217059604,0.6249999999999999,0.8928571428571429,1.0535714285714286,0.051325041365106294,0.09458004687123607,0.2616488702967121,0.49615390947725974,0.7853774192182467,0.9778362257000625,0.24205375177435126,1.3452380952380951,1.4523809523809526,1.505952380952381,0.6752318306318154,1.1934167042145318,0.5181848735827165,0.13220817295306242,0.2964726957014,0.0021213349547358467,0.02815835697878665,0.00971490339143359,0.15758681259289284,0.21970004053506284,0.24779083907580057,0.08463721118767734,0.07053100932306446,0.13711660586407243,0.04264288609647345,0.513268016437807,0.25093966122080785,0.10343790718652901,28.0,12373.0,18870.0,155.32671875,150.734679213595,19.514134300242137,1,189
cast_def_0_3434.jpeg,0.11290446640694092,0.21297299536437772,0.7359550561797752,0.9382022471910114,1.0898876404494382,0.04679228399706444,0.09753661507871086,0.27360112927145347,0.5036703668305439,0.7608121565858998,0.9255607579458064,0.257285526231231,1.2191011235955056,1.3146067415730338,1.3820224719101124,0.6141454816481992,1.1048914931034028,0.4907460114552037,0.1416522201747297,0.30945924034650063,0.002137934776710619,0.02494980736882088,0.006435509251722828,0.14965543436974335,0.18338488252211188,0.24020836724727332,0.0772586684030604,0.08419339085137555,0.19099245753974714,0.040783547669434046,0.42202569901524295,0.2154498341835441,0.11981379876880013,8.0,16666.0,20693.0,150.2134375,143.79300680305707,24.023692195635125,1,49
cast_def_0_3487.jpeg,0.12390114809081096,0.21158327223237877,0.7245508982035929,0.9041916167664671,1.1616766467065869,0.05087604936071047,0.0955994337370714,0.2739756046325727,0.47802378440099413,0.8054198289044211,0.9138787684389559,0.28794696664078717,1.2634730538922154,1.3511976047903842,1.4850299401197604,0.5571221517009792,1.1221929566610898,0.5650708049601105,0.1745113919143649,0.3433555805449905,0.00254778990532473,0.027528191521437616,0.008351926671892902,0.14912862570101912,0.2102906591087258,0.24522100946752698,0.0809714768136043,0.0723632635831876,0.1592142555629259,0.044382801664355064,0.4765716353917256,0.23983796425190712,0.1315635614455148,16.0,11339.0,16753.0,160.69671875,154.8881114046946,24.767153191646987,1,194
cast_def_0_3495.jpeg,0.11963190546948202,0.2166274642581807,0.7309941520467836,0.9122807017543859,1.0,0.04869861697068145,0.09608090314879732,0.2702425157898987,0.5005185782390461,0.7384256746629755,0.9126924035497844,0.2791745853698973,1.216374269005848,1.327485380116959,1.4502923976608189,0.5753636824917661,1.0914610531204607,0.5160973706286947,0.15939531612519217,0.3233311477640256,0.0023053711526855765,0.025793602896801448,0.007604103802051901,0.1511164755582378,0.19570307785153893,0.24630054315027158,0.07791188895594447,0.07704284852142426,0.17268557634278817,0.04353651176825588,0.44576065455853264,0.17493481388239526,0.12820311095126777,12.0,13346.0,14543.0,160.95859375,155.37602544106625,27.000987805190313,1,195
cast_def_0_360.jpeg,0.12246167446696929,0.22213665773688385,0.7449664429530201,0.9932885906040266,1.275167785234899,0.054309726545440265,0.09900373169847583,0.29471035909337806,0.4793574429388995,0.7772640820067428,0.9529569116547392,0.30699561720646823,1.355704697986577,1.436241610738255,1.657718120805369,0.5537228152383766,1.2722399577867247,0.7185171425483481,0.19479975154402424,0.3875564177274853,0.0019299696719051558,0.025495915139378638,0.009316094205737669,0.1522644493782015,0.21927647903878802,0.24764558211077736,0.0794770217520642,0.07322275913107831,0.15296097978610712,0.03841074978596201,0.42138457615974023,0.2194414997114907,0.14300666926101369,15.0,12906.0,15887.0,171.01875,167.76965081189826,21.85351752605917,1,4
cast_def_0_3617.jpeg,0.17635416379365823,0.19599443768891436,0.6770833333333335,0.8333333333333335,1.5520833333333335,0.07193733627153928,0.12554885826639672,0.34178137365642425,0.6533988543307376,1.1422677715371123,1.0562711261886595,0.33252449302216086,1.6666666666666667,2.1041666666666665,2.5520833333333335,0.8305228348656458,1.3420325805313686,0.5115097456657228,0.1473130571491716,0.21036150167432777,0.007314227446981655,0.045346249252399676,0.016334454325296833,0.15174570803878698,0.17763964193621132,0.213926445932564,0.09910484052827155,0.06952437912405754,0.1549027874461973,0.06416126596923319,0.7828924989197489,0.5557547508067407,0.2534499085234116,26.0,33275.0,58891.0,211.77765625,200.9267059814659,15.40683368165069,1,201
cast_def_0_3626.jpeg,0.13900462544337908,0.1841727939803722,0.606837606837607,0.7692307692307692,1.3162393162393162,0.061709641055868014,0.11558424014768198,0.3402579022882462,0.5771835425078553,1.0250398879363758,1.0484637938908155,0.31791448956840374,1.606837606837607,2.025641025641026,2.1623931623931627,0.7747225393620645,1.4871334480143583,0.7124109086522938,0.19608339561796242,0.2607398198541093,0.005448247808990841,0.03625180272905445,0.0098857347122413,0.14467439939847399,0.17561354419613692,0.22424100484425655,0.0925339282852811,0.07681782883626906,0.17507118468573965,0.05946232450355615,0.6267302774178011,0.3948415656501944,0.18992625893092652,28.0,7930.0,33262.0,232.931875,221.36771049845092,14.518530137016638,1,203
cast_def_0_3680.jpeg,0.09399055108582566,0.17443032601152134,0.5921787709497206,0.8268156424581006,1.0837988826815643,0.038027837376874575,0.07600912492423478,0.20118253319884208,0.38643393847967883,0.7142117260052315,0.9159367268228571,0.25201098563546676,1.1843575418994414,1.240223463687151,1.3798882681564246,0.5942242261087551,1.081756607127879,0.4875323810191239,0.15941142952785295,0.3071293431984431,0.0009560890199511588,0.020769018108095654,0.005172096023591209,0.1461779477491591,0.19053817444592913,0.2420633092199235,0.07027830253881952,0.0881790535870617,0.20577800304105423,0.030088006266414783,0.3778551322546681,0.18568297556887772,0.1080813940995724,10.0,13207.0,16873.0,170.13859375,164.42247062824296,17.980824802169654,1,206
cast_def_0_369.jpeg,0.08062633065444223,0.18301175750726065,0.6052631578947368,0.8631578947368421,0.9578947368421054,0.03956862043036069,0.08974620243236268,0.24747285683781559,0.45180238818509527,0.7452167414180593,0.9210595246087157,0.24859317532992825,1.1894736842105262,1.2526315789473683,1.3368421052631578,0.6151708137277361,1.1124983320481063,0.49732751832037025,0.1540320949206834,0.29635331397964504,0.0012237206001125822,0.018625027533713503,0.002643236496243178,0.13195379231013976,0.13949191120683327,0.2195477128661984,0.05195917668078025,0.09223182163048532,0.3129910178907952,0.029332582784698597,0.22692693148688048,0.12847348760932945,0.09925063775510204,12.0,4886.0,11084.0,159.6109375,154.97222470215954,19.19317598099335,1,166
cast_def_0_3691.jpeg,0.09427030142134371,0.1569595654565424,0.39694656488549607,0.8549618320610687,1.0,0.04779075491361204,0.09106121396815833,0.2313249476630357,0.49119764816943384,0.8660380198775537,0.9312041731323492,0.38657322799685817,1.4885496183206108,1.717557251908397,1.9465648854961835,0.4076403649181268,1.3765038857899576,0.9688635208718308,0.29647548903651516,0.5065968209009233,0.0034005708588831377,0.03109678652882291,0.012591672015623506,0.15349002362645617,0.18928478756674816,0.23308250139983339,0.09589882960272046,0.0749354710951477,0.1575734400393319,0.04864591726643268,0.4466891985974506,0.21816731857365282,0.11406473499664553,22.0,7402.0,16540.0,210.72359375,206.22829189096814,29.61864794267092,1,208
cast_def_0_3741.jpeg,0.111764456541511,0.1887322064740164,0.6,0.9103448275862069,1.1517241379310346,0.04732482129315307,0.09168246360747052,0.23980397265935874,0.4964943011923111,0.7545738456016825,0.951286307192433,0.3546736440064409,1.413793103448276,1.5103448275862068,1.696551724137931,0.4739505773177978,1.3594372304750801,0.8854866531572823,0.27348738964820163,0.47294121502698755,0.002450549564174413,0.026966385077497337,0.009181805961969953,0.15187203374934083,0.21021992906848097,0.23292628705551477,0.08823012418185766,0.07112797659053074,0.16256346096181484,0.04446144778881846,0.46616657794124766,0.20590427333881817,0.13088128538934327,22.0,15405.0,20464.0,162.37359375,154.92332559681697,27.821622304891534,1,213
cast_def_0_3751.jpeg,0.12370310969708559,0.2172871630673883,0.7055555555555555,0.8999999999999999,1.0,0.04994873729641771,0.09595495774056903,0.26375288883118964,0.48825621406026726,0.7554457640818009,0.8326468934902669,0.3807607810344481,1.2333333333333332,1.2777777777777777,1.3777777777777778,0.3405727207387814,1.1081855104616103,0.7676127897228289,0.26664283511984616,0.4805196215805443,0.0013661971830985916,0.021140845070422534,0.0056619718309859155,0.1386338028169014,0.2065492957746479,0.23830985915492958,0.06604225352112676,0.0804225352112676,0.2102394366197183,0.03163380281690141,0.3870416731862515,0.26268711208470247,0.15557033328117664,9.0,11582.0,19918.0,165.94046875,162.91356793034646,26.424265672048957,1,214
cast_def_0_3855.jpeg,0.09964954550264397,0.17803796804901206,0.6075949367088607,0.8544303797468354,0.9493670886075949,0.04176681673734521,0.07779588485963228,0.20901054276294273,0.38428199100921206,0.7555441877933945,0.9983892516024934,0.27294280209922983,1.3481012658227849,1.4620253164556962,1.6075949367088607,0.6872795605512186,1.2703239060483555,0.5830443454971369,0.1756012152191119,0.297949884585217,0.001280694188523412,0.023300793246298402,0.007056886344924923,0.14643039165719215,0.2196521216398113,0.2439591746056638,0.07641039714588152,0.07786097933900497,0.16945675043452124,0.034591811398178275,0.4337608133849383,0.21100205044830808,0.11128231882651266,13.0,11435.0,16928.0,186.44875,180.5846274693922,27.179831741915006,1,219
cast_def_0_3894.jpeg,0.13371775971177602,0.23976327068200295,0.78125,0.96875,1.0885416666666665,0.049351006737657625,0.09773065686730877,0.2847361821910528,0.49081778656492947,0.7658641208220294,0.8893709369849538,0.2959333108136439,1.1822916666666665,1.234375,1.2864583333333333,0.5549814136486,1.0567215976413051,0.5017401839927051,0.14966980387888718,0.31857860728923526,0.002304555929799681,0.026721030550138865,0.00743367015304615,0.14848431129232406,0.1979672634875613,0.24403474561248006,0.08128582402647284,0.07791762689830409,0.1697807717307806,0.04407020031909236,0.42985827395962956,0.20925238687795264,0.14608684161261548,15.0,11956.0,18405.0,150.0946875,142.7721475172544,24.535960899314578,1,223
cast_def_0_3916.jpeg,0.1459688341887401,0.2500981267419112,0.8068181818181818,0.9772727272727273,1.1363636363636362,0.05178642332936501,0.09995023372979539,0.28928490578472293,0.4943573026016954,0.7613755617281794,0.8988988481505515,0.3108569385477525,1.2386363636363635,1.2954545454545456,1.4147727272727273,0.5740554321570122,1.0969248474636863,0.5228694153066742,0.15577808694586204,0.31231023147245707,0.0017514150505706597,0.023742692771643314,0.006124153289412638,0.1403683770993783,0.2156328291732393,0.24371346385821657,0.0723995546070335,0.07409297578175744,0.1823327456620581,0.03984179270669017,0.48339822626000434,0.23644819381354099,0.1663097555699762,19.0,10935.0,21424.0,153.6475,146.32835432891758,28.04834191071773,1,224
cast_def_0_3945.jpeg,0.10011225432246063,0.19492448555228806,0.674757281553398,0.8592233009708738,0.9805825242718447,0.03670185690753252,0.0785405215038493,0.20440618675813518,0.39648457556759253,0.7491236593191037,0.9206691810760826,0.24519805483824875,1.1407766990291262,1.174757281553398,1.2135922330097086,0.6550050500608335,1.0643625522548459,0.40935750219401235,0.12069456907238403,0.24696634440074527,0.0011408898941174116,0.01990552631052221,0.00348271651888473,0.14267128360120895,0.16147595124196873,0.23656452032585418,0.059146133984507916,0.09653529753207502,0.24984487900562438,0.029232801585236484,0.33770350363868257,0.18465376247280366,0.11836972015905169,11.0,15931.0,19321.0,151.45265625,143.27216383724064,23.783899037591098,1,225
cast_def_0_3949.jpeg,0.08858340965756209,0.17255321652026204,0.5232558139534883,0.883720930232558,0.9593023255813954,0.04085491287662633,0.08221164247185024,0.21384069480068418,0.4233710910581865,0.7537987445750206,0.898124105501284,0.2775129140784282,1.2151162790697674,1.313953488372093,1.4244186046511627,0.47171373715154274,1.1242672689437911,0.6525535317922484,0.19950129820774531,0.42250688939367786,0.0015050607668284607,0.022400321079630258,0.004929074011363208,0.1444231227502477,0.1930867542110346,0.23901619194541646,0.07294527849895273,0.08162446225433019,0.20431199909696354,0.035757735385232844,0.3169790196741577,0.1538829346799305,0.11093099467036747,8.0,10005.0,12937.0,159.20953125,155.9363562520904,19.73614961512619,1,226
cast_def_0_3978.jpeg,0.09540401746656207,0.16778198214741646,0.3712121212121211,0.8409090909090909,1.212121212121212,0.04375487984253411,0.09424740410272292,0.24143419091587062,0.502384797640389,0.8399957502406818,1.0179356335036605,0.3038405021800213,1.5681818181818181,1.7499999999999998,1.9166666666666665,0.7063252562058824,1.459089889425651,0.7527646332197686,0.20705678670924352,0.3000639889107961,0.0025511979033791777,0.022172229051186307,0.006320012987916599,0.14006076489551686,0.15927592364960455,0.24165642322053946,0.07244242410186237,0.09089222348493634,0.23204304566644246,0.03258575503861586,0.4068427085360843,0.2439499124116006,0.12240749151149463,21.0,11376.0,22273.0,222.1834375,211.01866479117075,16.618570841398952,1,228
cast_def_0_3992.jpeg,0.11722158107648185,0.23411287518370089,0.7673267326732673,0.9306930693069307,0.9801980198019802,0.044734485913808505,0.09942152515936696,0.28088170466133083,0.4853521117550229,0.7604782613988319,0.8716865360256774,0.27577296152601843,1.108910891089109,1.1386138613861387,1.207920792079208,0.5837238774966768,0.9719859091872524,0.3882620316905756,0.1253584977155987,0.27212207406683153,0.001488833746898263,0.022627590369525854,0.0038360941586748037,0.13728120179733083,0.14343773053450473,0.21718194621420428,0.05646837904902421,0.09524512105157266,0.29037623231171616,0.03205687076654819,0.30038940519289864,0.19612087734358477,0.14049689595541123,5.0,12415.0,15625.0,132.32609375,127.55352464456632,20.619101198285772,1,230
cast_def_0_4032.jpeg,0.09367092422045241,0.15711669580691945,0.4899328859060402,0.8053691275167785,1.1208053691275166,0.042071152282313534,0.08543176662327746,0.20882353780834984,0.48496724782572814,0.7415215258072012,0.9447564260603569,0.3333158576135008,1.3758389261744965,1.4697986577181206,1.657718120805369,0.4776747232712548,1.3230300872050222,0.8453553639337674,0.27559474268428336,0.4617640812232189,0.001922818479732873,0.027219252995358358,0.008053094600601655,0.15388750478120186,0.19135145193470687,0.23758179731839185,0.085906567562259,0.07802921443561142,0.17054159387179144,0.04550670402034466,0.4790547798066595,0.17588372475590522,0.10179889879137999,20.0,14520.0,16803.0,162.7684375,158.27907137523852,21.482052071222075,1,236
cast_def_0_4093.jpeg,0.10405422509604403,0.18182497938184244,0.5617283950617284,0.8703703703703703,1.0555555555555556,0.04092543409141763,0.07808125097123321,0.18723626170267613,0.41992821642701533,0.7715817897762242,0.9450229157048851,0.2897266557862432,1.3271604938271606,1.3950617283950617,1.5185185185185186,0.5304535463869103,1.272122801841395,0.7416692554544847,0.20840196862769894,0.4061658032209531,0.0010558770114457068,0.018720699412932383,0.00446635975841534,0.143388098154327,0.22095282341512862,0.25487815179287915,0.07458715208852473,0.07881066013430756,0.17391350255522237,0.029226675676817165,0.38767951326472155,0.2292238705726646,0.13756592853050983,14.0,14850.0,22798.0,165.69359375,159.67371359668667,26.089840110765124,1,158
cast_def_0_42.jpeg,0.15752594546935378,0.25761777970587707,0.8301886792452831,0.9433962264150944,1.2452830188679247,0.059986469976151195,0.10607683430041726,0.3093219295733944,0.5177894773197493,0.7652194434576935,0.8992916403883764,0.34113046585840356,1.320754716981132,1.4150943396226414,1.572327044025157,0.5590454100993846,1.133266050578242,0.5742206404788573,0.1709272570650704,0.3219033285440426,0.0025190473982722116,0.026117730693742562,0.008268039006598976,0.14350843030893104,0.23859860602407776,0.23879951164479887,0.0808722394794999,0.06708702304232927,0.1519619206577341,0.04226745174401533,0.5042406100776852,0.27395053809421993,0.1868434181455349,9.0,11878.0,18697.0,160.9590625,155.94168892757452,23.325254597987378,1,152
cast_def_0_430.jpeg,0.13040556873771464,0.22941515197499238,0.7653061224489796,0.9336734693877549,1.0255102040816324,0.050061979978376435,0.09818861201259181,0.2939959713221067,0.4856821783111894,0.6974568640104933,0.8880344340612852,0.27739080446426684,1.1530612244897958,1.2244897959183672,1.270408163265306,0.5700119313447481,1.037243892911014,0.4672319615662658,0.1368487147442071,0.3034602998660574,0.0022468687254995697,0.0276914618988431,0.00785208910985754,0.15190266755904006,0.18858160435988144,0.2390524906778851,0.08012238263696338,0.07829381394014724,0.17980925518692037,0.04444736590496223,0.46425390746760475,0.220666161998486,0.1395778599100503,13.0,13929.0,19090.0,147.2871875,141.0028515544575,23.800498411282966,1,251
cast_def_0_4379.jpeg,0.12467066603617254,0.218172310233859,0.6919191919191919,0.9494949494949495,1.0606060606060606,0.05114703703806161,0.10578979605503494,0.30065408810194094,0.5375885426297771,0.7662144249127611,0.88660565650076,0.2885208541692235,1.1767676767676767,1.202020202020202,1.2525252525252524,0.5063033768130625,1.070670921541754,0.5643675447286916,0.17430268018262665,0.37712435571828107,0.0029297785353770756,0.029537494506665245,0.006791759332010494,0.14287997230027566,0.16689083911520688,0.23054693638385426,0.07915728915582426,0.08626866069169407,0.20705543940019444,0.0479418305788976,0.398062690734769,0.23445395801672905,0.16511607793716102,13.0,10108.0,18454.0,144.41859375,142.02547557342078,22.35116918600749,1,255
cast_def_0_4412.jpeg,0.09585982198305786,0.1906648912956486,0.6589595375722543,0.8959537572254336,1.0578034682080923,0.04702528280553174,0.09687486418236413,0.27102369029741996,0.4991338472447363,0.7535611047561813,0.9394686355791675,0.2715762589858042,1.277456647398844,1.3641618497109826,1.4566473988439306,0.6042670210479089,1.1445221590980512,0.5402551380501424,0.1650936167674422,0.32896871742262734,0.0024416711882799783,0.027117884356790675,0.007171671896010758,0.14612281488121917,0.18629833211446367,0.23608719243199885,0.0793955979145533,0.07881761777819718,0.19079242256245724,0.04575479487602916,0.3757007496647394,0.14932837953701059,0.09374106887682195,8.0,9684.0,13059.0,146.6221875,144.81924833231625,11.87686001182386,1,258
cast_def_0_4583.jpeg,0.13170502456426952,0.23114261929169858,0.7704081632653061,0.9387755102040815,1.030612244897959,0.05135114435795567,0.10075165441058825,0.30207275481936885,0.5023936570914216,0.7256487299222796,0.8885821791930425,0.2790296952253779,1.1581632653061222,1.2295918367346939,1.270408163265306,0.5702756656573659,1.0353941948883028,0.4651185292309369,0.13695374658967857,0.3033164540651565,0.002697568389057751,0.02814083080040527,0.007890070921985815,0.14975937183383992,0.19142603850050657,0.2403368794326241,0.08006585612968592,0.07549392097264437,0.17872340425531916,0.0454660587639311,0.46674514420247204,0.2224367274867569,0.1414714537963508,14.0,13115.0,18045.0,147.755,143.34247556573453,23.154367098800492,1,251
cast_def_0_4596.jpeg,0.12373805859762312,0.2214046392417786,0.8011049723756907,0.9668508287292816,1.0662983425414365,0.04685993615959729,0.09037226751592795,0.2577364350673656,0.4554215932486799,0.7556271204545989,0.9574017100822196,0.24414566239429647,1.1988950276243093,1.2541436464088396,1.3812154696132595,0.7224192619566376,1.1161264429213178,0.39370718096468016,0.09908246452631472,0.22324156892311686,0.002091999613040534,0.025926284221727772,0.007122472670987714,0.14388845893392668,0.20949018090355034,0.2376656670213795,0.07538454096933346,0.07549337331914482,0.17824320402437846,0.044693818322530714,0.45597838324701645,0.23812204458455302,0.11957892366584102,6.0,11624.0,20627.0,177.133125,162.42859740023636,30.47163588942256,1,1
cast_def_0_4651.jpeg,0.12633156093587206,0.22156191140429274,0.7231638418079096,0.903954802259887,1.0112994350282485,0.048120327590892596,0.09301941261216476,0.24939979480632146,0.481358137504901,0.7437014078043173,0.8306233177149233,0.38732232670939803,1.2429378531073447,1.288135593220339,1.3954802259887007,0.33505494327640556,1.1141924437497215,0.7791375004733159,0.2697165777067922,0.4829485077024697,0.0015504065239153259,0.020338403691676638,0.00520057621407818,0.13949996337622383,0.20804746441389751,0.24030080328149034,0.0648973313475108,0.07969333691432479,0.20930488072856898,0.031166833508313598,0.3980229519372799,0.2675036927621861,0.15952732644017725,12.0,14156.0,23365.0,164.43515625,160.0784908890061,27.399923882569855,1,269
cast_def_0_4671.jpeg,0.1455286939477832,0.2390950973839095,0.782122905027933,0.9329608938547486,1.011173184357542,0.05258591291215498,0.10697134908371596,0.3136120235238858,0.5264421319104987,0.763191164394409,0.886916143911578,0.2996965624940596,1.1787709497206704,1.2513966480446927,1.3687150837988828,0.5073703481636559,1.100936536403778,0.5935661882401221,0.17447169131154952,0.36748983413096326,0.0023461179762182325,0.02510783399393798,0.00747551876894381,0.1447307064583819,0.18786430403357426,0.24750816041035206,0.07580438330613197,0.08086092329214269,0.18929237584518535,0.039009675915131735,0.49062247372675827,0.29408515225006737,0.17232551872810564,13.0,18318.0,21560.0,142.03,138.55204814105264,25.778772355067854,1,272
cast_def_0_4683.jpeg,0.1540881591755969,0.26025902444984506,0.7989949748743719,0.9396984924623115,0.9849246231155779,0.05420226199017624,0.11031064412094198,0.32159331781628986,0.5313721367592708,0.7643499378585413,0.8603621288411865,0.3081994667000327,1.1407035175879396,1.1809045226130652,1.2462311557788945,0.5056443612874892,1.01993194167712,0.5142875803896307,0.1456017675911776,0.3465538354862152,0.0028007237825505467,0.030099913460782,0.005601447565101093,0.13412005349697112,0.15245063330973171,0.21439697899457164,0.06646211942412084,0.08756195421288647,0.2646211942412084,0.041884981512076154,0.3902191411292077,0.29380284549897756,0.20217255732331657,3.0,16010.0,20090.0,144.32609375,141.43312026689892,22.814843004659252,1,178
cast_def_0_4708.jpeg,0.08616760131814767,0.17026814367579976,0.5142857142857142,0.8742857142857143,0.96,0.038729550260210244,0.07896047135033023,0.20204212522281476,0.4133911517172829,0.7517191181904722,0.8964986991963925,0.27600035692844593,1.2114285714285715,1.3085714285714285,1.417142857142857,0.4689625021230027,1.1232589763167482,0.6542964741937455,0.20070623553333328,0.4223225724657158,0.0012881854987118145,0.02165017644893806,0.004589837407174869,0.14144060274091233,0.1903808266037368,0.2381302907618697,0.0707094762822317,0.08230314577063803,0.2148888263439347,0.03461863214185196,0.31430594900849856,0.14688385269121812,0.10563537029542695,10.0,11341.0,14208.0,161.55125,155.87078930396387,21.463415377560523,1,226
cast_def_0_4748.jpeg,0.09878865156467054,0.193144848405863,0.6404494382022472,0.848314606741573,0.9606741573033708,0.04503070057881662,0.09495456499063049,0.28120839655055674,0.4830214432520587,0.7243992086433736,0.8947966703285893,0.2806615951824819,1.1966292134831462,1.2471910112359552,1.404494382022472,0.5122024815626477,1.1138872722975808,0.6016847907349331,0.18635596406260696,0.3724843590262914,0.0024758076324091207,0.026461857920587806,0.005936614000292838,0.1431575864868822,0.1516365620881973,0.238130099697845,0.07249058261344124,0.08927549349767727,0.23232659363477845,0.03810880242788878,0.3243426821286108,0.1958430587973769,0.11980536722117249,8.0,12127.0,15415.0,163.868125,160.40044610583112,19.741781749786618,1,278
cast_def_0_4787.jpeg,0.10051158187211263,0.16048408124092198,0.5123456790123457,0.8395061728395061,1.0370370370370372,0.04540435897140246,0.0893196784145613,0.24273077458063907,0.4761551208939593,0.7793454341600233,0.9240731806880172,0.27707800228777724,1.2654320987654322,1.3827160493827162,1.5,0.5277326190630218,1.1807409972572578,0.653008378194236,0.2018236769805131,0.38978530083234486,0.0018533580447739303,0.023760316804224055,0.007866771556954092,0.15136201816024214,0.20693609248123307,0.25333671115614875,0.08065440872544967,0.07606768090241203,0.1611088147841971,0.03705382738436513,0.4664093714822924,0.2636409742581116,0.09586719610098836,16.0,9922.0,20742.0,152.52171875,151.0008446391807,20.293124591595188,1,279
cast_def_0_4801.jpeg,0.0974684708521584,0.19377872681926464,0.6823529411764706,0.9058823529411764,1.0705882352941176,0.047513500454558745,0.09735733972323042,0.2725155149387883,0.4948427801532576,0.780804803948152,0.942821791251482,0.27572988451634595,1.2882352941176471,1.3764705882352941,1.4588235294117649,0.6078644130838153,1.1439307625976036,0.5360663495137883,0.1648376717516404,0.3286990148960445,0.002690037124946747,0.026790822226279595,0.007315440326212647,0.14985089160732762,0.18675674030795447,0.2348244172600572,0.08184529243503134,0.0794473860385856,0.18608727405513967,0.0443916986184651,0.37244082890517893,0.15351061057545234,0.09619197607097132,9.0,9583.0,13072.0,145.12859375,143.8517407562941,11.75343592586842,1,258
cast_def_0_4865.jpeg,0.0908737629723881,0.15687579781786082,0.3211678832116789,0.8175182481751825,0.9051094890510949,0.0466078845676193,0.09961797563513124,0.24699159584946906,0.5234896043532796,0.9193350245806732,1.0087850792062807,0.26911032368293347,1.4525547445255476,1.656934306569343,1.8540145985401462,0.7529804018465059,1.3318663760879714,0.5788859742414655,0.14884610438643664,0.24367933444140844,0.00264241136635241,0.021763378037445227,0.005497277917939185,0.14065861107422653,0.1602974372593281,0.2386801221617315,0.07022971716903466,0.09070508564599655,0.23702031602708803,0.03250564334085779,0.4242009807545403,0.2427244276878342,0.11384638131145117,19.0,12559.0,19322.0,219.6834375,210.40959272495667,14.532699858668146,1,163
cast_def_0_4903.jpeg,0.1338609791286593,0.20531991262975133,0.6756756756756757,0.8738738738738739,1.09009009009009,0.06145577248548148,0.13386513323047047,0.3425349150172048,0.7000302902533124,1.371407104632255,1.1660804388817991,0.5107599167417364,2.144144144144144,2.2612612612612613,2.2972972972972974,0.8072122196236512,1.955477734809882,1.1482655151862309,0.3888387116572115,0.34634234434673317,0.0037561211860302427,0.0266264865737502,0.00916967120486466,0.14040789969326803,0.15135338750470861,0.22003982134208686,0.069504385728892,0.08627239950492385,0.2514448689662595,0.04142495829521606,0.48922940708917306,0.31704077834009115,0.18909156764697005,12.0,29199.0,30896.0,228.7915625,210.8290111666177,22.206468205268575,1,283
cast_def_0_4927.jpeg,0.14560774811828503,0.23810042003524742,0.7581699346405228,0.9542483660130718,1.2222222222222223,0.05372631945084994,0.09492437593350103,0.2699381491571072,0.4618342867235012,0.7513000110532205,0.9222976435295476,0.31933510426450845,1.3202614379084967,1.3921568627450982,1.6143790849673203,0.5096607405041289,1.2777196483664572,0.7680589078623283,0.2106543635790764,0.4026867081186959,0.0018363799484131433,0.024055175507457664,0.00775204665246159,0.14648985084669733,0.22970169339463944,0.24669171245934732,0.079048446787036,0.07339912526634518,0.15548951441067624,0.03553605472692609,0.48029595015576326,0.2776998961578401,0.18341121495327103,13.0,12656.0,21071.0,169.89640625,164.8655376504526,29.316921649592675,1,286
cast_def_0_4995.jpeg,0.11212180773728626,0.18451097270164823,0.5625,0.8046875,0.8984375,0.050584394155162485,0.10356788510991345,0.27624811094164625,0.5147354126615975,1.0927346012144972,1.014822983501375,0.28799522608231726,1.4921875,1.7421875,1.9921875,0.7990729625247527,1.1914445538405587,0.392371591315806,0.08899740894645164,0.19924468692877617,0.004357298474945534,0.026380845948051068,0.008229198415117342,0.1394335511982571,0.16546445866775034,0.2215223452651066,0.068904015261833,0.08824093828665605,0.23400724711300755,0.0434601013692754,0.4129713328486994,0.2592475531253622,0.15933921215377644,21.0,18316.0,24014.0,230.5475,223.75019648491337,16.002034685158755,1,290
cast_def_0_5008.jpeg,0.10653304743953461,0.20520291594177015,0.7243243243243244,0.9189189189189189,1.0756756756756756,0.046990647622854306,0.09927625954363661,0.2768300171959142,0.5043304978967373,0.7529658911989205,0.9285810585037277,0.24527727608063588,1.1783783783783783,1.227027027027027,1.3567567567567567,0.6295164720447325,1.1020232604835958,0.4725067884388633,0.12156113935686375,0.2938522250169273,0.0015671565101222896,0.023340355564690166,0.0051767547014695305,0.14205888397903607,0.1821369848936389,0.2467886137087658,0.07247456582057342,0.0879277566539924,0.20230449080258966,0.03622443736512178,0.36840660652059765,0.1789942240679746,0.1194687097236145,16.0,5861.0,14424.0,138.71921875,135.4248722379839,22.396593151026426,1,294
cast_def_0_5034.jpeg,0.10298306371182446,0.19611551772820632,0.6586826347305389,0.8682634730538923,1.0119760479041917,0.042675835902289544,0.08898054286122027,0.2504817820487216,0.44896309212014185,0.7621657234836962,0.8768003513285688,0.30690459542656046,1.2035928143712575,1.2574850299401197,1.5029940119760479,0.42987307916236367,1.1041735267592145,0.6743004475968508,0.2117742657338504,0.43770613377829076,0.0017593437647757386,0.023377280274457627,0.005739859032580848,0.14424419691455087,0.17592338057904403,0.24049129674631362,0.0720011435734471,0.08649373783578725,0.21490384086735648,0.03506592041168644,0.33742488829541367,0.19176210774998717,0.12135997123927893,8.0,11362.0,18407.0,160.15984375,155.05521604975328,21.471895822917993,1,298
cast_def_0_5061.jpeg,0.10344190733440149,0.16817559669370816,0.5755813953488373,0.7906976744186047,1.0755813953488373,0.04202375951675702,0.08259624577539176,0.22375932750575672,0.4306490330470621,0.6747474388789195,0.9160356284682921,0.2654596426387448,1.2093023255813953,1.3023255813953487,1.4011627906976742,0.5495422602894576,1.131741346075087,0.5821990857856293,0.1750980247841674,0.3532176561236169,0.0019114779082232297,0.025197928371240005,0.0074005191987291255,0.15191083213865963,0.1911865369961383,0.24722641972438555,0.08023041058028853,0.08221938083614243,0.17456442842935926,0.03815206581683392,0.47348216749241234,0.24668002255305366,0.10515961083986132,15.0,12442.0,20119.0,170.669375,169.247242014911,18.283669797233944,1,140
cast_def_0_5093.jpeg,0.1351527028109966,0.20772481860107886,0.6666666666666667,0.9099099099099099,1.1261261261261262,0.06062926188456483,0.13118919400806495,0.34184336950643834,0.6781409215978108,1.3356539489970711,1.1321032270216203,0.470357902388569,2.009009009009009,2.18018018018018,2.2972972972972974,0.7834705026153709,1.5947727114944945,0.8113022088791236,0.27632165107738693,0.3250561113364957,0.0029001388665841656,0.02407020792200799,0.008946030966303599,0.1431459421672634,0.1643160112226872,0.23317305421464807,0.06907431723929452,0.08883682704025242,0.22787345192098774,0.03766401843997091,0.4985441691078918,0.31856429251961144,0.1902552823955764,17.0,33043.0,35166.0,226.22203125,204.00911338637587,27.95222710886489,1,299
cast_def_0_5094.jpeg,0.0888704973912553,0.17819362041149975,0.6030150753768844,0.894472361809045,1.0100502512562812,0.04382972425973358,0.09781998248214765,0.28223865364201317,0.5091426126676335,0.744885891285088,0.8896561170417675,0.2576759948737116,1.135678391959799,1.1658291457286432,1.2311557788944725,0.5282635471843179,1.077427007258122,0.5491634600738041,0.17844026763208212,0.35641809673627556,0.002240037726951191,0.027244860774688646,0.005487556536837366,0.1486784849199374,0.14614906432873892,0.2304452208955864,0.07418919208591455,0.09403871299650597,0.22785149300122184,0.04367537673361772,0.3353241807796372,0.13847078865617798,0.10037077863513379,11.0,7471.0,13046.0,147.53265625,142.49851733576642,19.877230470863193,1,3
cast_def_0_5146.jpeg,0.12736858811014207,0.22194255430357474,0.7453416149068323,0.9254658385093169,1.298136645962733,0.05226911364131608,0.09930656034593065,0.2793900732513243,0.5070216046909194,0.853842439663419,0.9353961394143522,0.3055111389404163,1.2981366459627328,1.422360248447205,1.546583850931677,0.5788496026367619,1.1586648937939148,0.5798152911571529,0.18259367528913398,0.34290197093470187,0.0018420267483039085,0.027215296605222535,0.007964819883511266,0.14799776881267107,0.21733321226115268,0.24457445290508373,0.07784508814487151,0.0732789373321745,0.15753220303804694,0.04441619426896185,0.4814899589201171,0.2068450408991796,0.13155200038550036,13.0,12236.0,16260.0,156.82296875,149.586351495483,28.69655736146636,1,123
cast_def_0_5185.jpeg,0.1536805095114419,0.22480054604465718,0.7386363636363636,1.0113636363636365,1.1590909090909092,0.07811670739503375,0.16670077392294141,0.4528497239491629,0.8639587092812798,1.4980429080088247,1.0707198282335788,0.4022763657618665,1.965909090909091,2.3522727272727275,2.897727272727273,0.779664374896072,1.3191172702066187,0.5394528953105467,0.12525429231233995,0.27199021129189604,0.0030928723839903443,0.031844731340388385,0.0087397892105093,0.15151841713903916,0.14718624048968684,0.22709442420846176,0.07737569239390478,0.0838200745737871,0.2212858589995043,0.04804189926072806,0.6210158359189265,0.3737458193979933,0.19100817987669744,29.0,12531.0,35488.0,213.099375,206.4348496047505,20.12656884514695,1,307
cast_def_0_5187.jpeg,0.12580915660444494,0.21937255171104225,0.7891891891891891,0.9405405405405405,1.0378378378378377,0.04712205848212718,0.08856795512529335,0.25300495002556994,0.4387637343399587,0.7226293702308492,0.9514233457416151,0.24866200321370416,1.2,1.2486486486486488,1.3621621621621622,0.7137850435861888,1.0935968572495276,0.3798118136633388,0.1038875740021284,0.22480879321040037,0.001734943171759374,0.023722692348546542,0.005759539236861051,0.14227714241877043,0.2189451073422323,0.24325791641586705,0.0722420894853002,0.0755939524838013,0.17822705331114494,0.038239563785716815,0.4639310185541612,0.26546638364330255,0.1284713438843857,7.0,12701.0,23774.0,180.02625,163.25319448530956,34.29401317510761,1,1
cast_def_0_5224.jpeg,0.16253923673218834,0.27727498816600354,0.8315789473684211,0.9578947368421052,1.0315789473684212,0.0502221248748107,0.10124001444685075,0.2985885541237969,0.4676368358772732,0.7672688730462784,0.8539490802417452,0.32312131882682726,1.1526315789473682,1.2,1.2894736842105263,0.5131772102217788,1.006010749503345,0.49283353928156626,0.1362270157273028,0.33256310120457955,0.0013857209427807619,0.01855394501263091,0.0035808010202830302,0.13334804895396463,0.17404900301670223,0.23153802761631473,0.05980673484904226,0.08780320310009075,0.26131263336031196,0.028621882127878744,0.3526008262387876,0.27384566224636525,0.21599753497820282,5.0,14601.0,23836.0,127.213125,120.02186802110714,22.612041899900948,1,311
cast_def_0_5273.jpeg,0.11207674851051073,0.18421758438530667,0.5625,0.8046875,0.8828125,0.04896477800866103,0.10060518831147346,0.2651794286790196,0.5063154013503156,1.1009060682649443,1.015563084320081,0.2850507862590563,1.484375,1.7421875,1.9921875,0.797673408657584,1.2099572072899594,0.4122837986323754,0.09452797072465355,0.202150294602091,0.0037587220345082673,0.025841213987244337,0.007167563028570286,0.13817302117280125,0.16468400743747125,0.22219445388567888,0.06603754723394047,0.08984945118659655,0.2402583121738609,0.04203570785932783,0.4115486941207329,0.25705399632780007,0.16149248697867877,20.0,20764.0,26431.0,229.149375,222.99996972999153,15.86725739139073,1,290
cast_def_0_5317.jpeg,0.15996257105111694,0.2741138755633623,0.8232323232323232,0.9494949494949495,1.0252525252525253,0.049865994326591084,0.10448520833422861,0.3025696203616606,0.5083351050854653,0.768210291080049,0.8567217375097148,0.3142063435999614,1.1313131313131313,1.1515151515151516,1.2626262626262625,0.5256165134560512,0.9940457622198209,0.4684292487637697,0.12492125295166377,0.32246790685530824,0.0017095936907257662,0.021975142258161127,0.004604672057502246,0.13699211340720774,0.16372167315563543,0.23017120894479384,0.06390386343216532,0.09000948387740841,0.2532819207347509,0.0336303284416492,0.3744806777300685,0.2724149936172682,0.2034118602761982,7.0,15777.0,23216.0,126.6690625,117.17012815698509,27.06123316172324,1,178
cast_def_0_5334.jpeg,0.13882869661504552,0.19975698298347955,0.6581196581196581,0.7863247863247865,0.9316239316239316,0.06142823542783253,0.1199625389479523,0.35288802771038774,0.5946210331947026,0.9706712527857884,1.065828664630235,0.3157846809349473,1.623931623931624,1.9401709401709402,2.1794871794871797,0.8424847948342739,1.3864836531578864,0.5439988583236125,0.16157093185167312,0.21004619786964296,0.004429364589759408,0.03122763726095003,0.010228254164096237,0.14799506477483035,0.1883898827884022,0.23670573719925972,0.09052436767427514,0.07523750771128933,0.16746452806909315,0.047797655768044414,0.583006175815598,0.32623918084349246,0.17793925201460156,19.0,17754.0,27489.0,237.404375,231.22037334482488,9.811205760525024,1,318
cast_def_0_5339.jpeg,0.09799752468714794,0.19342900855096376,0.6756756756756757,0.8972972972972972,1.0540540540540542,0.04754250856015769,0.1010745298690382,0.28855069069877454,0.5073363171965679,0.7448545188156852,0.933955055430617,0.2325575870517774,1.1783783783783783,1.227027027027027,1.345945945945946,0.6487812724384033,1.1084024858615629,0.45962121342315954,0.11935630647040148,0.27998999924161405,0.0018030763256078448,0.02389769622324859,0.005090223165369839,0.14663171472558564,0.17376107851703906,0.24815878167519662,0.07170695848763506,0.09025090500561728,0.2013204066630605,0.03737915921163955,0.36204193863391065,0.1656858714087475,0.10236675746517963,14.0,8512.0,12420.0,138.46375,136.1691500964846,19.934568436531908,1,161
cast_def_0_5362.jpeg,0.14404088510790305,0.2368419832848348,0.8080808080808081,0.9242424242424242,1.0,0.05096241837212777,0.09787612220103896,0.29926959343621745,0.4614628614317352,0.7618231104308747,0.8705655908027059,0.28459459242170226,1.1313131313131313,1.1616161616161615,1.2828282828282829,0.5567679472018027,1.0316583108436614,0.47489036364185877,0.14756915440860932,0.2993233130749776,0.0023641308061276086,0.027235333506429617,0.007557019282014841,0.14660344097189007,0.19679680774013694,0.24142831764078876,0.07742870027467647,0.07807097858616778,0.1798652582095467,0.04265001298222119,0.5230591901100711,0.28419612661338334,0.1565187652788509,8.0,19629.0,21819.0,152.63171875,148.33417293521973,24.521581545083702,1,321
cast_def_0_5369.jpeg,0.08646852632011617,0.15355192050011962,0.3255813953488371,0.813953488372093,0.9069767441860466,0.046092277510655866,0.10060116573123476,0.24643855573717274,0.5442964272180946,0.9965782603853909,1.0235870711195263,0.2842387195089789,1.503875968992248,1.7131782945736436,1.9612403100775195,0.7557852093163884,1.3828859648986551,0.6271007555822667,0.16751808919825217,0.25664392425551297,0.0024744744744744744,0.02302702702702703,0.00645045045045045,0.14207807807807807,0.16612612612612612,0.2458018018018018,0.07760960960960961,0.08706306306306306,0.21494294294294294,0.034426426426426425,0.39293464885786517,0.22889679396827528,0.09995077969438665,22.0,6717.0,19899.0,214.76984375,205.68787987129068,16.8695236484834,1,322
cast_def_0_5545.jpeg,0.1025003550490466,0.19055165728372467,0.6235294117647059,0.8685294117646717,0.9823529411764707,0.04119497473434815,0.08638893838340544,0.23821713801548924,0.44283605680836996,0.7626669650994327,0.8807190303797406,0.29711348504529633,1.1823529411764706,1.2352941176470589,1.4764705882352942,0.4168057842183076,1.1226240298682908,0.7058182456499832,0.21401310778581153,0.4569550748216231,0.0018043576940535632,0.021901951883794825,0.005390376758965048,0.1451316386745347,0.17475034044484794,0.24670903313663187,0.07211756695415343,0.08721062187925556,0.2106786200635497,0.034305492510213344,0.35876148926256934,0.18974755389893685,0.12304629590410436,7.0,10391.0,17445.0,161.1171875,156.8938478192233,22.967441475946806,1,332
cast_def_0_556.jpeg,0.10144155498087287,0.1981596631047196,0.6395939086294418,0.9238578680203045,1.0507614213197967,0.04626802726733349,0.1005748220401366,0.28181162069248095,0.5204771282029437,0.7645083360922538,0.8862557163796425,0.27878484179793234,1.1624365482233503,1.1878172588832487,1.248730964467005,0.5453187427547977,1.06135498997127,0.5160362472164722,0.17745232841052377,0.3325648887557865,0.002383397355443147,0.029006452921563407,0.006174013362238365,0.14531117280898592,0.1579507853801392,0.23164593871626163,0.07699134116811826,0.0895422102207178,0.2168384487632957,0.0441562393032366,0.3560242738466977,0.16916278795734402,0.1129440876686502,12.0,6276.0,13904.0,149.69875,147.92213022205496,17.992622675280504,1,333
cast_def_0_5572.jpeg,0.12085647146907877,0.18355264442528124,0.6324786324786322,0.7948717948717949,0.8547008547008547,0.05304878305779876,0.11144434196973592,0.32899946043796807,0.5572472569905846,0.8457058729556967,1.0287771378271526,0.3177723647905858,1.5982905982905982,2.0,2.1794871794871797,0.7419351799128633,1.4190188507636645,0.6770836708508012,0.19592744928717654,0.2729454667600961,0.0022292141701591023,0.02291632166923557,0.005362852375068469,0.1366699361807829,0.1801969351489752,0.2595060061398927,0.07767856005502974,0.08439167929888029,0.19529189967262398,0.035756595289351996,0.5434033737792247,0.3036164545723587,0.1525895235276709,18.0,9725.0,25060.0,229.92375,219.40400953315574,14.961261528049052,1,335
cast_def_0_5640.jpeg,0.0895153303057744,0.17529879439643456,0.5585561497326048,0.86096256684492,1.1016042780748663,0.0446640502105928,0.09612312575762055,0.2718378334879181,0.4972471330392332,0.7216589428041397,0.9044038082402673,0.2753766545462564,1.1818181818181819,1.2834224598930482,1.358288770053476,0.47281550751473944,1.101880732599726,0.6290652250849865,0.1934546292421769,0.421093783296828,0.002215361747134322,0.024368979218477547,0.0061744275791098535,0.14537060858131093,0.1608209701855187,0.237558242574965,0.0704199182460052,0.09160163507989595,0.2237658291169997,0.037704027670582854,0.31952600116383645,0.18466645506004337,0.10322435592234037,9.0,10563.0,13720.0,141.23171875,139.57136482023904,18.746009024730224,1,338
cast_def_0_5696.jpeg,0.11236135990504048,0.21169582255097047,0.7286432160804021,0.9095477386934673,0.9748743718592964,0.046584760953337516,0.09700441469173277,0.2789842896353892,0.48282711945714996,0.7385278674667424,0.8910202353790414,0.2645584167722696,1.1306532663316582,1.1658291457286432,1.2110552763819096,0.5480820403409757,1.0570850832414942,0.5090030429005185,0.15321543098338353,0.33061765317340863,0.0035587188612099642,0.03176807568787432,0.005569539681161936,0.13719873853542805,0.13031276220235513,0.2106298643057605,0.0655614385325348,0.09267135375980094,0.27653849492231575,0.046191013511558604,0.3626133961304825,0.2424335679306377,0.1413069656667291,4.0,17211.0,17736.0,143.7403125,140.8625982927884,18.849848531016633,1,340
cast_def_0_571.jpeg,0.09763194058693558,0.1788268967146679,0.6050955414012738,0.8598726114649682,0.9681528662420382,0.03666844979757944,0.06873599257892003,0.176866319568675,0.33564778913352,0.7553210971739759,1.0006650337630618,0.2741331360421166,1.3503184713375795,1.464968152866242,1.605095541401274,0.6859787004138045,1.2800164661933107,0.5940377657795062,0.1774531587329025,0.30123187257131134,0.0011516173313801904,0.02273753259077048,0.00653197350358844,0.14698322323871646,0.21128953502298628,0.24609601724662117,0.07641211317173839,0.08021705683461854,0.1747325944556535,0.033848336603926554,0.40914087859770615,0.1947111014931833,0.10885089807400995,15.0,15808.0,21965.0,184.34578125,174.6646213998142,30.728697704776145,1,120
cast_def_0_5954.jpeg,0.12963149628783555,0.22091910558111252,0.7411764705882353,0.911764705882353,1.0000000000000002,0.050813535066925285,0.0987650730688011,0.2804202003308944,0.5008758763793949,0.7781204619383797,0.9107993289548829,0.28482335567884015,1.223529411764706,1.3294117647058823,1.4588235294117649,0.5680267824295073,1.1022092396784229,0.5341824572489156,0.1592173868374417,0.3312217564117672,0.0023396857762789844,0.026063315295532376,0.007411183436593209,0.14903406268789376,0.20499045826471127,0.245706219120069,0.07666065406634774,0.07490915745170314,0.17043107730112672,0.04245418659974381,0.4875364077669903,0.2316140776699029,0.13859223300970874,8.0,13711.0,18017.0,160.013125,155.39613888462685,27.06796834980713,1,353
cast_def_0_5992.jpeg,0.09094209007189703,0.17823376026909077,0.5683060109289617,0.8688524590163934,1.1530054644808743,0.047498992679860456,0.10113994335460667,0.28881894463495184,0.5139523263712312,0.7600639146081519,0.9067887485048319,0.2785003076306127,1.1912568306010929,1.2950819672131149,1.3770491803278688,0.48055720989729195,1.1022573647283467,0.6217001548310548,0.19153161924350445,0.41558029067420527,0.002140231703345275,0.024767753842336263,0.006250096930783666,0.14773802323237023,0.16067246700476123,0.23939577226693962,0.07225608337598288,0.09128553482529196,0.21737309821802447,0.0381209386001644,0.3144426485102487,0.18330448713364134,0.10543405186594385,11.0,9293.0,12564.0,138.6446875,137.68816142759914,17.8656639749998,1,338
cast_def_0_6035.jpeg,0.10501957193665154,0.17092935420011837,0.5493827160493827,0.8827160493827161,1.0925925925925928,0.04510222721118294,0.0867936974910644,0.2351600673949891,0.4481689788717235,0.7559224201119197,0.9247372703479406,0.28412160536991476,1.271604938271605,1.3827160493827162,1.5185185185185186,0.5154442825648617,1.1989902350246622,0.6835459524598004,0.20392447627294757,0.40393286444836585,0.001564837976447475,0.022067642120412567,0.007047481981518921,0.14935636043815465,0.21651874950027986,0.25546836628630826,0.08138299695027927,0.07424413756867583,0.1583684565214908,0.0339809706564324,0.4587884277265704,0.2624540465661463,0.10839149661676169,18.0,9813.0,23841.0,153.12390625,148.68552842630547,23.406057332565066,1,356
cast_def_0_604.jpeg,0.09614464935171076,0.19061445572314753,0.6222222222222221,0.8555555555555556,0.9555555555555556,0.0401139623345069,0.08507682123628815,0.24056100450800572,0.43082222547864424,0.7514864385229787,0.8947899262684109,0.27705364903537333,1.1833333333333333,1.2333333333333332,1.3722222222222222,0.4998770375708071,1.1242980172343262,0.6244209796635192,0.19147111021845878,0.38578739666463086,0.0021728117084154237,0.024373768646214468,0.005674078243737686,0.14364199268224037,0.14873065015479875,0.235575569940895,0.07103855896425555,0.08979453982549958,0.24093442161553616,0.03806360821840698,0.3088005043871171,0.18453212840855357,0.11620869016970525,8.0,13905.0,17076.0,164.3509375,157.79677552329042,23.1136029864949,1,357
cast_def_0_608.jpeg,0.09267376784394937,0.1573108725866419,0.39393939393939403,0.8636363636363636,1.0,0.04393964199893497,0.08352536133027662,0.1993050656223681,0.4583240922257433,0.8429562339473978,0.9305942331753196,0.3848053528374509,1.5075757575757573,1.712121212121212,1.924242424242424,0.400741377384128,1.3693436183549998,0.9686022409708719,0.2969797957965243,0.5139454063246496,0.003176346962170424,0.03176346962170424,0.01159486052732136,0.1541244745892243,0.18642529614061903,0.2315150936186473,0.095708349254872,0.0736291555215896,0.16291316392816202,0.04914978983568972,0.43628759565759034,0.2132496885566827,0.11169692116034882,21.0,15345.0,18405.0,212.5215625,204.90953048642183,32.278306919248955,1,359
cast_def_0_6123.jpeg,0.12430293984688415,0.21941310659946076,0.7267759562841529,0.9562841530054644,1.1092896174863387,0.0485472510461997,0.09666288634284786,0.27777762833602243,0.48515149090984766,0.7590331624076556,0.9174320313814315,0.27826993082937823,1.2185792349726776,1.2677595628415301,1.360655737704918,0.5677734451890245,1.1352181683744103,0.5674447231853857,0.16129042643700328,0.3407096598122378,0.0022853894258101195,0.02327458783399659,0.006230812961910176,0.14338828880045482,0.19893121091529278,0.24112563956793634,0.07202956225127914,0.0779306424104605,0.1938601478112564,0.04094371802160318,0.44604400500732,0.2244488765356135,0.13478390019307887,17.0,9220.0,20522.0,155.47828125,145.49829240344215,31.86285214414187,1,360
cast_def_0_6193.jpeg,0.09069817712620648,0.1808661345498811,0.6101694915254239,0.8587570621468926,1.056497175141243,0.04850288855183211,0.10067377815982827,0.2975194561652277,0.5098187461473451,0.7517521851996019,0.9336827431312632,0.2598155100854746,1.248587570621469,1.3389830508474576,1.4237288135593222,0.5858901260684592,1.1584145924134719,0.5725244663450126,0.17157302511290834,0.343571199257511,0.002511217621864165,0.02781460330409953,0.007584642055884152,0.15143789516622477,0.17681776463389762,0.2330078523353049,0.08014225984091372,0.0828446869263716,0.1904063838466245,0.04743269426881501,0.362106135986733,0.1443496801705757,0.09143567874911158,6.0,9239.0,11640.0,147.0190625,145.3899147262929,12.313091282405589,1,36
cast_def_0_6232.jpeg,0.08896801447120357,0.1740138447174969,0.5232558139534883,0.8895348837209303,0.9651162790697675,0.04070921744042414,0.08222657567607453,0.2122093023255814,0.42668229866715307,0.7533403731517669,0.8997523469163962,0.27884402837304784,1.2151162790697674,1.319767441860465,1.4302325581395348,0.46719300399760044,1.1275267657060046,0.6603337617084042,0.20153539181514787,0.42716429004269885,0.0012130717672862727,0.022778792074597785,0.004631728566002132,0.14190489027214467,0.19276813174694588,0.24001666442023747,0.07263726703508105,0.08175368516499001,0.20660205119407923,0.03569371775863548,0.3185430992211465,0.15321633425701026,0.11125175327563204,9.0,10049.0,13183.0,159.1803125,154.73065925258982,19.985109082704085,1,226
cast_def_0_6236.jpeg,0.11829289584268432,0.21524584251526288,0.7428571428571429,0.9371428571428573,1.0742857142857145,0.04998431792263097,0.10232021392451242,0.28514067329982634,0.5219730229809798,0.8213987572229134,0.9261967082174402,0.2599686050522194,1.2228571428571429,1.3142857142857143,1.3942857142857144,0.6131236543893898,1.1051761205921091,0.49205246620271936,0.14149097440655953,0.31159982184043156,0.002306728179418118,0.025787354329448786,0.007360196271900584,0.14699058641563775,0.18705832155524146,0.24220645883890238,0.07909544254513454,0.08153550761353637,0.18491159764260381,0.04274780660817622,0.43121149897330596,0.23706736597313277,0.13163949432225824,9.0,14951.0,18777.0,147.24109375,141.98384400133753,21.159285306672537,1,49
cast_def_0_6272.jpeg,0.0959111554956252,0.21670435265298008,0.735,0.945,1.05,0.040319935200353915,0.09034114042725239,0.245422466989094,0.45138024412771116,0.7628994855156214,0.9200337108270051,0.23945945011903458,1.125,1.19,1.26,0.7259095758737716,1.0444512659930105,0.31854169011923894,0.09210585623468058,0.18489557328205963,0.0014319964417058115,0.022651580077891927,0.0031352043307043905,0.13417372720467785,0.1408021349765131,0.21551546447672462,0.05522949912669914,0.09775545406220505,0.2943186626021111,0.03498627670076698,0.20369450386787383,0.14796264941753773,0.11922987235509414,4.0,10412.0,14457.0,156.04625,143.25539908408942,28.942407376824825,1,369
cast_def_0_6422.jpeg,0.12544199482228163,0.18802928829327933,0.6306306306306306,0.7927927927927928,0.9369369369369368,0.057054211168819695,0.12543704517672005,0.3122843383752713,0.6689458999848263,1.4190636991773355,1.1775265067437466,0.5338364923125555,2.234234234234234,2.27027027027027,2.2972972972972974,0.7936699212350865,2.024754879615295,1.2310849583802086,0.4251730651859037,0.3692098620797116,0.0032328357903567374,0.025473927588570495,0.009146060748667478,0.1382344215167729,0.14954934678302148,0.21851310014629605,0.06862614709402846,0.08473917358077486,0.26339427297001444,0.03909071378149713,0.4877810455324897,0.3108816231906272,0.182541887399772,15.0,22303.0,31645.0,228.84421875,207.39960688626812,26.960752226438753,1,375
cast_def_0_6483.jpeg,0.10441027857206207,0.22350482273373573,0.7373271889400921,0.9170506912442397,0.967741935483871,0.04099463723212462,0.09355521481655676,0.26822246033505887,0.44006272605576235,0.7632477610634815,0.8940861902607845,0.2568764480271298,1.0875576036866361,1.1105990783410138,1.1382488479262673,0.6018496259961204,0.9923959097052039,0.3905462837090835,0.11433758196640458,0.2781845063710259,0.0008655546350450707,0.01705142631038789,0.002102061256538029,0.12847303797311835,0.13570660170885215,0.22306579451732964,0.04479863489668987,0.09385085257131552,0.3293806338332942,0.0247054022974293,0.2692082043966916,0.16059082699674446,0.13164766648644297,8.0,9183.0,13793.0,145.0109375,137.3139538288838,25.868602393812882,1,378
cast_def_0_6531.jpeg,0.09563394195210835,0.17253105280275802,0.5988372093023255,0.8546511627906976,0.9534883720930233,0.04701209233364246,0.09373732012264832,0.25969062246435204,0.4975479640392548,0.7432273189410729,0.9038872896249097,0.2816580434704309,1.25,1.3313953488372092,1.4360465116279069,0.5146565630956097,1.1522270366530045,0.6375704735573948,0.20851285038240877,0.38661133398506464,0.0043243108519017,0.036613329345496236,0.011203329843975873,0.15445391555754948,0.17099097751856837,0.22434076067992623,0.08916554508748317,0.07755096954289417,0.17092866756393002,0.06042819400827476,0.4261706073249884,0.1701784886416319,0.09753129346314325,12.0,10717.0,14127.0,157.024375,154.99394266754118,16.582804102841656,1,381
cast_def_0_6563.jpeg,0.11337063751140748,0.22966092012322387,0.7342995169082126,0.927536231884058,0.9661835748792271,0.04198244207411923,0.09092215676346198,0.2566581410386424,0.4309959049995666,0.7607832939358375,0.8928013826843312,0.2727166156289972,1.1256038647342994,1.1545893719806763,1.2077294685990339,0.5609383631645433,1.0427391898015697,0.4818008266370264,0.13341315708782392,0.3190157059986801,0.0008695851163642189,0.017574772878097895,0.0027002906244994163,0.13417927183688413,0.152715165106753,0.2211835511110094,0.049863841277832444,0.09462459095173803,0.3002128195153207,0.02607611158150072,0.2920927353073031,0.19483167175458446,0.1421984074461499,13.0,12350.0,18046.0,142.01171875,131.73964188123432,29.23634241628223,1,384
cast_def_0_6564.jpeg,0.09989499190408616,0.17495324971236864,0.4765625,0.875,1.046875,0.042841790625893134,0.08291602810779719,0.19344024484225933,0.48084588559294983,0.9474770221591292,0.9378493636975584,0.4296610116685242,1.703125,1.7578125,1.9921875,0.42325245103455417,1.419193756832272,0.9959413057977178,0.3172056854942387,0.4898675328156546,0.0026650293283864814,0.032137118371719335,0.010934458567938652,0.14998628293728036,0.18900806040733145,0.23342521588043946,0.09598024742968372,0.0719819196049486,0.1635596430950919,0.05032202437718003,0.4239590534754818,0.23182816043857415,0.12451333551650111,18.0,12066.0,18325.0,209.116875,205.60081304485297,27.911036216823504,1,385
cast_def_0_6610.jpeg,0.11856981814497963,0.20285650166615835,0.6728395061728395,0.9012345679012346,1.0061728395061729,0.04493729390855315,0.0901809331924829,0.24255410746158637,0.47566820413931243,0.7515447942792638,0.8875471952971031,0.30797567370944584,1.2098765432098766,1.271604938271605,1.5185185185185186,0.42803416901203317,1.1593344161679515,0.7313002471559183,0.22139871235185662,0.4526186572461771,0.002328113852277421,0.026347740102386944,0.007822963213297786,0.14730952649168264,0.18006583805840312,0.2388820046812612,0.080545229244114,0.07963150714080082,0.1960747499780957,0.0409923272376804,0.42294127917127394,0.236454635395449,0.13905604376418554,10.0,14195.0,19756.0,158.40046875,152.42921231990337,25.4718244422379,1,14
cast_def_0_6641.jpeg,0.0911014708640894,0.2078861810115043,0.691542288557214,0.9378109452736318,1.044776119402985,0.04167923324702564,0.09359242568580031,0.25644522153861415,0.47001513884211854,0.7520258852630279,0.9248200522896364,0.22970475356072145,1.1194029850746268,1.1890547263681592,1.2537313432835822,0.728629741875147,1.0395992748138334,0.31096953293868645,0.09045057223451088,0.1870547767945473,0.0018288267278730376,0.02316104721809679,0.002872117143102623,0.1366342223804205,0.1364501123071447,0.21419365924907638,0.054030169504007464,0.09883028733445436,0.29609809384704133,0.03590146428878279,0.19560027869470367,0.13797672213909606,0.11150072529154435,4.0,10273.0,11953.0,155.85734375,147.2278252461669,23.5715049231067,1,387
cast_def_0_6658.jpeg,0.10495682006005164,0.16681932716613257,0.5,0.8541666666666667,1.159722222222222,0.04759251823562854,0.08621093464159298,0.23117021897054316,0.45968173520132255,0.8062306348760597,0.9516589659094148,0.33224554128303624,1.3819444444444444,1.5069444444444444,1.75,0.46417792120760953,1.2587116009088155,0.7945336797012059,0.2431945697627536,0.4780972452100088,0.0024948598365177274,0.027543754074519835,0.010531066646607492,0.15905671731608245,0.20887869214181837,0.23963191414673285,0.0931874028383732,0.07103455192818815,0.14482724035905922,0.0428138007121007,0.5028328942153,0.2754435869337126,0.11225489053137168,14.0,11504.0,22563.0,163.8890625,163.49162085942353,15.880622695502684,1,388
cast_def_0_6673.jpeg,0.09063804287277592,0.1725598746864069,0.5483870967741935,0.8655913978494624,1.0913978494623657,0.043696187928734254,0.09478979753626551,0.2564486541249601,0.49061710002553577,0.7510939818790883,0.9014883270254904,0.2717732316259437,1.1720430107526882,1.274193548387097,1.360215053763441,0.4673374898739119,1.1058309483681783,0.6384934584942664,0.1953281652108639,0.4251697190267467,0.002121007399959151,0.024949331489889866,0.006190199374695596,0.14502977265942907,0.15956260114063064,0.2366101588398875,0.07167433895269368,0.09084196138195416,0.2243554494179013,0.038665179342959044,0.3560183643025765,0.18607615102756095,0.10161194548640781,10.0,9385.0,12537.0,138.805,138.04375073903276,18.50097050344063,1,390
cast_def_0_6777.jpeg,0.10596782920235473,0.1806071240767859,0.5350318471337581,0.9044585987261147,0.9490445859872612,0.04141952265712188,0.07993680756581115,0.198917156661788,0.42398336639509604,0.7452501492116561,0.9038342816675138,0.33473557683109245,1.3312101910828025,1.4203821656050954,1.5350318471337578,0.3666043331768183,1.2520477261588747,0.8854433929820564,0.2463845475829882,0.5289388446470962,0.001828878373193503,0.024171888988361683,0.006522573219081724,0.14298503644967386,0.1938483181992582,0.2422944110500064,0.08032996546873002,0.0783731935030055,0.1918659675150275,0.037779767233661596,0.43397347530541425,0.25007130294243474,0.14104910395969006,16.0,7927.0,20703.0,161.74484375,156.0535530093948,22.841037488295846,1,394
cast_def_0_6863.jpeg,0.08968155683559595,0.17209213343681962,0.5792349726775956,0.8415300546448088,0.9508196721311475,0.04045476975439558,0.08394333364813086,0.22187575636962742,0.4365881696706678,0.7560213463589357,0.9174591692916142,0.2516515185396124,1.1912568306010929,1.2732240437158469,1.355191256830601,0.559536685078707,1.1283457038889615,0.5688090188102545,0.16939684110473732,0.3493105651369319,0.0015777048425174181,0.023527379512869234,0.004997984683595325,0.14479184660563138,0.18228824782633732,0.24482063683998387,0.07159555478781597,0.08538031899579662,0.20289053952899178,0.038129786376461104,0.34281049612786113,0.1449715899936628,0.10284529704299632,15.0,7634.0,12768.0,161.866875,157.21295158245906,25.244535724301656,1,400
cast_def_0_6887.jpeg,0.12501184438028073,0.23135504097249643,0.7552083333333335,0.9166666666666666,1.0052083333333335,0.04822727789051285,0.0973811027628435,0.2878193284341975,0.4676173911933449,0.7592831877510452,0.8769902551359362,0.2907004804389319,1.1666666666666667,1.2291666666666667,1.296875,0.5435061306535834,1.0628136699690296,0.5193075393154462,0.16505001741758127,0.32027108835146134,0.0015581478723697636,0.021262513444196243,0.004453820909517112,0.14159841151650535,0.19198312236286919,0.24824191279887484,0.0701580210143129,0.08871790629050495,0.1965610435454069,0.03546510024544276,0.39261804987735077,0.18910977105478333,0.14082941537203597,6.0,12688.0,14518.0,156.6615625,152.41927552029202,26.47054330786783,1,404
cast_def_0_6955.jpeg,0.11672020931534192,0.22257524772246806,0.7388888888888889,0.9166666666666666,1.0555555555555556,0.04651623343640416,0.09783262472363537,0.2795388512045546,0.4929713416191627,0.7396847217932252,0.901935964610602,0.29185113133016033,1.2,1.2555555555555553,1.3777777777777778,0.5340649955435439,1.1131776927301869,0.5791126971866429,0.17853663007839082,0.35320210324061674,0.001895647853995895,0.023597547423879935,0.006144513733641867,0.14691924540141976,0.17715809703102325,0.24325737668483874,0.07258370265782903,0.08761815115503785,0.20352721235177995,0.037298505706553714,0.3820598409904716,0.170649996965467,0.12867633671178005,5.0,12509.0,13508.0,154.00609375,148.17416850940927,26.834403347849946,1,407
cast_def_0_7040.jpeg,0.09624770916384845,0.19301001830247524,0.6756756756756755,0.8972972972972972,1.0864864864864865,0.043961349291580465,0.09550370884248734,0.2675720037676028,0.48614116769770255,0.7457023201846077,0.9367717289007725,0.23279629608913327,1.1783783783783783,1.227027027027027,1.3513513513513513,0.6474721527832171,1.1115743719203184,0.46410221913710126,0.12072636066327677,0.283269681011458,0.001604429483751219,0.022325688698734282,0.004739883180755236,0.14646448757877958,0.17126498254003208,0.24910602867000137,0.06834030683403068,0.09214458740994746,0.21006491123205503,0.033944694371913046,0.3516419902079102,0.15275856317271558,0.10070742452339602,19.0,10808.0,14913.0,139.44609375,134.97783556711343,23.05418012451849,1,411
cast_def_0_7051.jpeg,0.09687519094935797,0.1765063851359492,0.6045197740112994,0.864406779661017,0.96045197740113,0.04146539986589969,0.0875223001277867,0.22503772368635627,0.4727261022444781,0.7463576744167701,0.9203274773363426,0.27537908999513694,1.2372881355932204,1.3107344632768363,1.4067796610169492,0.5576324446103215,1.1844665543022646,0.6268341096919431,0.1958816433179049,0.3535236391764599,0.0023653007310929534,0.02870103008334869,0.007925293358727038,0.15236222891196166,0.17369089308021543,0.24360549650836558,0.08473101103807008,0.08042022485716041,0.1819643259404886,0.04423419549056951,0.42556761524890696,0.19307547748715195,0.09793280662729155,17.0,8124.0,19526.0,165.05984375,159.7958506929683,22.227386877254283,1,412
cast_def_0_7074.jpeg,0.08592391840700843,0.16553344268731526,0.3771929824561402,0.8421052631578947,0.9210526315789473,0.04617874574140419,0.0977924636247943,0.24981475292803426,0.514823358232311,0.9822823507003389,1.0406348609877498,0.33046259504263276,1.6315789473684208,1.8421052631578945,2.219298245614035,0.7620111782257009,1.3848039122700653,0.6227927340443644,0.15355001369110688,0.2630485753364473,0.0010094473922609034,0.012100427073896726,0.0030801087097191665,0.13456710236831887,0.17970751908890903,0.2685259479746344,0.050174712048660544,0.09487511323929079,0.23781545231008153,0.018144169794228032,0.3642963604019424,0.20134381460647147,0.10708447521515457,14.0,5565.0,16506.0,209.51875,198.26296963764602,18.111950864691547,1,413
cast_def_0_7076.jpeg,0.12188549572344395,0.18138784076205552,0.5877192982456141,0.7807017543859649,1.4210526315789473,0.05535878870736984,0.11805315546493056,0.3451812892706604,0.5775002675175744,1.0130344726221496,1.0256389858614336,0.27996584004220176,1.4824561403508771,1.9122807017543857,2.236842105263158,0.8230033943656917,1.2945904516047964,0.47158705723910466,0.14267013375120766,0.1928168218416383,0.0023820026466696074,0.022547104417417606,0.004524544709811582,0.14633562291259689,0.1802760098304871,0.2509798979141723,0.0752662423593169,0.0881467011153822,0.19542504253576154,0.03411683155838427,0.5316062661839315,0.2951480426962869,0.16476267472787562,19.0,14971.0,24644.0,229.74,219.81052711500863,11.4744671254864,1,94
cast_def_0_7080.jpeg,0.1532562315370803,0.2436187138269051,0.7682119205298013,0.9536423841059603,1.205298013245033,0.05484701392889705,0.0957664047173233,0.2709243697808303,0.46638946407492055,0.7529090695526284,0.9217264452296214,0.32518071634713536,1.324503311258278,1.3973509933774833,1.6158940397350994,0.5053925671203181,1.2798244830059498,0.7744319158856316,0.2128716195905138,0.40616624344788177,0.0014412246211538192,0.02294765416206081,0.00733205535421943,0.1444582814445828,0.23575916157107477,0.24903801754655996,0.07866567786530847,0.07057802902038703,0.15463080862495976,0.035149089789693146,0.4955490767735666,0.29303530936183997,0.195348234531908,10.0,15521.0,22246.0,168.0525,162.70162790697674,29.785182898104,1,63
cast_def_0_7086.jpeg,0.1249386748938524,0.22092880806286425,0.8011049723756907,0.9613259668508287,1.0386740331491713,0.0503083364361467,0.09697251888241783,0.282591068747328,0.486353601525516,0.7464559182146476,0.9564795872594517,0.24444445128706804,1.1988950276243093,1.2541436464088396,1.3756906077348066,0.7188934253686311,1.1176033537153933,0.3987099283467622,0.10009482913821166,0.225379039321989,0.0023871428788639023,0.027383721814228587,0.007146223904879199,0.14354787209779685,0.20949079353494807,0.23602305037327617,0.07459441378156882,0.07459441378156882,0.17892928279280512,0.04590308504006447,0.47189513129640287,0.24450183155324134,0.11949305974652988,6.0,9306.0,17016.0,176.76359375,168.10668942707778,27.014155267389597,1,1
cast_def_0_7117.jpeg,0.12971784067920525,0.22068427944414976,0.7664670658682634,0.9221556886227544,1.0479041916167664,0.0523114881276575,0.09750129609887506,0.2820607178288849,0.4974312352607161,0.7418944794885205,0.9190898810778196,0.2924178339837608,1.251497005988024,1.3532934131736527,1.4970059880239521,0.5787455138896225,1.1056755123444775,0.526929998454855,0.1690913310787521,0.3272075796658642,0.0025155226151618525,0.02797751981740987,0.009289027413061084,0.1498637936535205,0.21558642354038335,0.2457481532382752,0.08187105799199941,0.07301151004981962,0.15172896164134783,0.04240803003902128,0.4888551396533218,0.24461598191243977,0.13771210633292988,18.0,14464.0,20611.0,162.44078125,156.60027648859486,26.16192092281572,1,416
cast_def_0_7126.jpeg,0.0893993183447123,0.1819316678673436,0.618556701030928,0.8865979381443299,1.0051546391752577,0.04428823875885623,0.09531862234742619,0.26524738327810116,0.49307014159569695,0.7506352041390326,0.8903016238033681,0.2689840145329925,1.190721649484536,1.2422680412371134,1.3144329896907216,0.5273531500776901,1.0896239397737653,0.5622707896960751,0.17822678403909906,0.35805488231054605,0.002182718271827183,0.024336183618361835,0.005018001800180018,0.1459045904590459,0.1679230423042304,0.23990774077407742,0.07351485148514851,0.08953645364536454,0.21183618361836185,0.03984023402340234,0.33838479311069103,0.14683889939088426,0.09514807813484562,15.0,10100.0,13426.0,147.878125,144.62862908774022,16.251470193017834,1,417
cast_def_0_717.jpeg,0.0975511921314637,0.1729581138961363,0.5644171779141105,0.8711656441717791,0.9570552147239264,0.039119345324082386,0.07626941040621299,0.20362588275735788,0.3837572608783037,0.759529272161169,0.9423290750693931,0.2864968285242912,1.306748466257669,1.3558282208588959,1.5460122699386505,0.5413480037612726,1.2246890912321018,0.6833410874708292,0.19935661088400405,0.39271338575922166,0.001247187999020899,0.0196169850687119,0.004697352930891798,0.14544310141853065,0.20540137307239517,0.25188535195179096,0.07526255055773781,0.08314198128052405,0.18379121839777138,0.029512897322625388,0.4144001217034131,0.2187184195942495,0.10876155910765319,16.0,6951.0,19780.0,157.55640625,152.5545983802015,20.46192722368701,1,419
cast_def_0_7183.jpeg,0.10891261935675838,0.22160693190706868,0.7447916666666666,0.9166666666666666,1.0364583333333333,0.04600644251839001,0.0963478646872889,0.2850105459184312,0.45290194298306347,0.7421143969845926,0.8926086238276858,0.2696887415008697,1.1510416666666667,1.1927083333333335,1.3072916666666665,0.5785537348091926,1.0358807181345984,0.4573269833254058,0.1356562198087238,0.30169867000620987,0.0015581177937052041,0.021352446244936117,0.004387659707073855,0.13837332502337177,0.15091305702711125,0.2298161421003428,0.06273605484574633,0.09060766593954503,0.2671237145528202,0.03313181676534746,0.2915686115393979,0.1911292472844043,0.13897358018107836,4.0,14884.0,16195.0,128.061875,123.8315461611155,13.816499747424048,1,421
cast_def_0_7198.jpeg,0.08787355460940606,0.1700957262537431,0.5511363636363638,0.8238636363636364,0.9147727272727273,0.04701231421394219,0.09196289550453603,0.26427593990910575,0.46073804464321644,0.6962401098382085,0.9237165766928427,0.26357700862229655,1.25,1.3522727272727273,1.4375,0.5694744702210703,1.1379463074928367,0.5684718372717663,0.180488318335098,0.3501053243472635,0.001408624061487124,0.021553315736929198,0.004731882769655776,0.14646955047113688,0.20079047058984423,0.24129866932892055,0.06913198670696517,0.08174122345153922,0.19934081864307107,0.03353345824045076,0.3675898345902782,0.16476329298434628,0.09639394131440522,11.0,9252.0,12747.0,145.4678125,144.48437513329978,12.98282805809368,1,422
cast_def_0_7216.jpeg,0.11216011450167944,0.2054442473466886,0.7065217391304348,0.9293478260869565,1.1956521739130435,0.05036459897942181,0.10124771903523973,0.27829473493342133,0.5244980552402653,0.7570580971293492,0.922000630746847,0.2618490312845941,1.233695652173913,1.3206521739130435,1.3695652173913044,0.6088613807246177,1.170647565684292,0.5617861849596744,0.16257729713400546,0.3103747492742903,0.003123425692695214,0.027707808564231738,0.007707808564231738,0.14945843828715366,0.1731486146095718,0.2244206549118388,0.0769647355163728,0.08380352644836273,0.2092317380352645,0.04443324937027708,0.42882233098377165,0.22224433880523617,0.12077605788820457,10.0,16326.0,18451.0,146.62953125,143.71984195579702,22.64895567816166,1,424
cast_def_0_7230.jpeg,0.09621138973069605,0.17481628108696942,0.6022727272727273,0.8465909090909091,0.971590909090909,0.042186691368301034,0.08908693830466756,0.22912508584822286,0.48300588794042526,0.7245390406390287,0.9211321072835561,0.274914854007595,1.2386363636363635,1.3125,1.3977272727272727,0.5740702800685307,1.1794754807751657,0.6054052007066351,0.19491483861514147,0.3370707818121057,0.002174467867898525,0.0293400030626308,0.008391608391608392,0.1533152978408453,0.17531519575315196,0.23976315655147773,0.08326272267878107,0.07958756571895258,0.1846664284620489,0.04418355367260477,0.42122118868483693,0.18722216380027343,0.09608711031232374,14.0,8130.0,18938.0,164.6990625,160.66136282554405,20.21541152724432,1,425
cast_def_0_7338.jpeg,0.1060225936096652,0.20424189425998618,0.7150837988826815,0.9329608938547487,1.078212290502793,0.048391856012279764,0.09841359544728913,0.2798152200096528,0.49697478707480847,0.7800563780492418,0.947045360220041,0.2587128100405518,1.2513966480446927,1.329608938547486,1.3910614525139666,0.586879699708892,1.1354000596220282,0.5485203599131362,0.15235069654020436,0.3583858316734049,0.0022234032168848496,0.026897755989631348,0.006919664645719677,0.14779666164141386,0.18728647194715892,0.23622303445732692,0.07883862430993156,0.07945683886291906,0.19276363596924112,0.04159390895977267,0.4203825529887586,0.18202183410539974,0.10908943468520978,23.0,9770.0,16818.0,151.4175,145.91431041936877,20.26547925542121,1,435
cast_def_0_734.jpeg,0.1114912620110623,0.205366724901578,0.7206703910614526,0.9329608938547486,1.0502793296089385,0.04967472432339746,0.10088222658881328,0.29195172738355113,0.5049165089386008,0.7746966371976859,0.9464150452048202,0.2595620074737621,1.2513966480446927,1.329608938547486,1.3854748603351956,0.585105291625208,1.1348742561890428,0.5497689645638348,0.15261457937261202,0.3592802505992061,0.0021179922853018433,0.026717466928556217,0.00764370400170386,0.14928887521594056,0.18529474406607188,0.23480133469011052,0.07585725441938614,0.08090967177035757,0.1948552902477696,0.042513666374801806,0.44535952900707815,0.22398624065621486,0.11632599060660184,18.0,9153.0,19467.0,151.01203125,146.38236156181304,19.190407269671958,1,435
cast_def_0_7360.jpeg,0.09851259451740527,0.19594108920291176,0.6379310344827587,0.9195402298850575,1.114942528735632,0.04910063320239308,0.10070908666468176,0.28830679732944986,0.5059561920580652,0.8499932483625134,0.9536793021513683,0.24215652050010114,1.2528735632183907,1.3275862068965516,1.4252873563218391,0.7339024013868105,1.1330983068354326,0.39919590544862205,0.1257328463055406,0.21594913246622593,0.0022389494794099064,0.0250954644103184,0.006071261778522568,0.15256448998653882,0.18745364138347848,0.24204005384467459,0.07405016345704789,0.08648114062800473,0.18559929672261752,0.0384055383093871,0.37640020366598775,0.19007128309572302,0.10790478615071283,7.0,8601.0,14565.0,156.7040625,153.60022574129707,20.248371405612424,1,436
cast_def_0_7420.jpeg,0.10721048063517535,0.19031539787483165,0.6329113924050633,0.8734177215189873,1.0063291139240507,0.04630561756275239,0.09266586442868574,0.2635954235171357,0.47629757200842515,0.7210208834733863,0.8870781539848075,0.30465790464648784,1.2151898734177216,1.2848101265822784,1.5443037974683544,0.44438330177022933,1.1260833641107282,0.6817000623404988,0.21798432786206173,0.4340346989674143,0.002585308588236846,0.025628849933388733,0.008375872211889781,0.14887947977259836,0.1757350322504056,0.2386925725139488,0.0808172740822814,0.08109427143102106,0.19815862714837826,0.04003271206785116,0.42904011654241186,0.23528835677647605,0.11761969468826129,12.0,12109.0,18835.0,155.68734375,151.57382562309326,20.024380449279995,1,441
cast_def_0_744.jpeg,0.09836182432537904,0.184400761410501,0.6062176165803108,0.8860103626943006,0.9637305699481865,0.04095836461840001,0.08474217274423296,0.22673926027005245,0.4370806352441305,0.7606671588575855,0.8987596350266976,0.26753419735916034,1.1813471502590676,1.2435233160621761,1.2797927461139897,0.5673498971764576,1.1010163910210127,0.5336664938445551,0.17243244658306178,0.31955365993009166,0.0014486082530055238,0.021404202317773204,0.004603054261886711,0.13893100833965125,0.18825138091627858,0.24960738654825085,0.06683905556157262,0.08711957110364996,0.20820697498104623,0.03358875771688508,0.3859208676441052,0.19255874673629242,0.10648473589074112,15.0,6102.0,15058.0,175.55296875,174.29487854792887,19.111205902906626,1,443
cast_def_0_7496.jpeg,0.09186116288475686,0.1781700417572845,0.5764705882352941,0.8352941176470589,0.9941176470588236,0.039372695612514615,0.08426947302723245,0.23238085520998736,0.4378304486100799,0.7291893636276393,0.8862219027124856,0.2912435624719451,1.188235294117647,1.2411764705882353,1.4764705882352942,0.4246850724488724,1.1224635038059592,0.6977784313570867,0.21481615122833012,0.4527567863628886,0.001659497346987794,0.022228530253073347,0.005611721291787671,0.14648339410878441,0.16268532873332314,0.24333471624778916,0.07136930366617901,0.08965652772015634,0.22130270541738542,0.0356682752145337,0.32859649480750003,0.17254605920878135,0.10581886438291882,6.0,12970.0,16518.0,161.40109375,157.7174590802806,21.67462735772724,1,451
cast_def_0_7510.jpeg,0.09947329650000941,0.1849440700577111,0.6136363636363638,0.8693181818181819,1.0795454545454546,0.039700348575216156,0.07764711574649198,0.20608832568958677,0.3847498772825035,0.7546344416310905,0.9149849131510209,0.2596913429014934,1.1875,1.2443181818181817,1.3863636363636365,0.5854059941731756,1.095671995822044,0.5102660016488684,0.16183907837281014,0.3165012107233449,0.0012146836566649926,0.020345951249138627,0.004613461965218,0.14516637662201146,0.19368364498534205,0.24705964797533259,0.07033485558112101,0.08707179481189922,0.19917308074142423,0.031336502411847836,0.37638681720687667,0.19289688285953815,0.11714046185504154,13.0,10635.0,17360.0,167.27671875,160.81465461864587,20.830593761798543,1,84
cast_def_0_7540.jpeg,0.08723791824167135,0.15508808334348612,0.3282442748091603,0.8244274809160306,0.9083969465648855,0.04192924413770272,0.09215515484692824,0.2233721357007564,0.5015560541958911,0.9223876897334989,1.018758094220676,0.2863149162051764,1.4961832061068705,1.7251908396946565,1.9389312977099238,0.7364672614032677,1.4228996957094884,0.6864324343062207,0.1905583067899629,0.2729889155213612,0.0018502577498095323,0.02211404315948826,0.006530321469915996,0.1407976886619767,0.1598345651894288,0.24205724915155294,0.07583088446278212,0.08716000277043941,0.23084686396153048,0.03297812342307578,0.39493382059677407,0.21538218953187463,0.09915316334764825,19.0,8768.0,22665.0,212.54875,204.1263962194673,16.731118409925934,1,454
cast_def_0_767.jpeg,0.1395926122887012,0.16990289539059006,0.5378787878787878,0.7727272727272727,1.1136363636363635,0.05421082293218561,0.10268166412869216,0.26947636161545857,0.5384248160766371,1.0666175011267276,1.0258051248449704,0.24990113291531255,1.4393939393939392,1.6818181818181817,1.9318181818181817,0.8538130585494712,1.2431833553515046,0.3893702968020334,0.1032617146564823,0.15842278711682178,0.006992777771707658,0.04196759284551424,0.016083388874927614,0.1459196049080559,0.1749396326606427,0.2085377446106443,0.09477399123717535,0.0758497863924915,0.1674770276323984,0.06745845306644231,0.6683001031106756,0.426541300419589,0.1789327534633957,21.0,17530.0,40674.0,236.9,228.63749178772173,13.936572549366836,1,466
cast_def_0_7694.jpeg,0.13642714067521727,0.2438922735091904,0.7806122448979592,0.9591836734693876,1.0612244897959182,0.04958662976865203,0.10121774470392454,0.2929261322778525,0.5073917357654084,0.7583012756526215,0.8860845719483014,0.2989400200997231,1.1683673469387754,1.2244897959183672,1.270408163265306,0.5158823644310655,1.03554984941109,0.5196674849800245,0.1563992697184015,0.35629958861811106,0.0021873492692010004,0.026326711460588452,0.007156558121796094,0.14691135066013078,0.19253160439264602,0.2462170074818562,0.07944003858708454,0.07948490729004251,0.17757910913190278,0.04216536360475159,0.4262332848152298,0.2115144978376284,0.1511670523681372,11.0,13317.0,19557.0,151.26296875,142.34897587304516,30.717612657823192,1,468
cast_def_0_7722.jpeg,0.1447148480024537,0.2447205693584015,0.8409090909090909,0.9545454545454546,1.1136363636363638,0.05086039638955034,0.10319673835098561,0.2897440029480177,0.5224985211716985,0.833332391743614,0.914815319309326,0.29054006487565515,1.2386363636363635,1.3352272727272727,1.4147727272727273,0.5810257124852432,1.0967624691347355,0.5157367566494924,0.14402210270760135,0.33095608322435544,0.002352459854761174,0.02523780300705738,0.006763322082438376,0.14527718113940882,0.19571443182980464,0.24323667791756162,0.07892247110565613,0.08011148614094303,0.1819576557226143,0.040426511199754524,0.46738975479946776,0.2828240828739783,0.18455379205474245,10.0,15660.0,23534.0,150.99328125,144.69571242559525,24.546824109823465,1,469
cast_def_0_7724.jpeg,0.09851530355519574,0.17653924162134327,0.6012658227848101,0.8417721518987342,0.9493670886075949,0.041129716902312846,0.07732433770191172,0.20451155932481266,0.385650964473856,0.7505572623950505,0.99806430371464,0.27163773663335633,1.3481012658227849,1.4620253164556962,1.6139240506329113,0.6910449442090414,1.2593366747792019,0.5682917305701605,0.1741877577617828,0.2938652465662678,0.0013922525241889252,0.023867186128953003,0.006329484164589987,0.1463035110502732,0.21929732196132112,0.24159676155043114,0.07724076608987633,0.07956898669755362,0.16926982789886866,0.03513390193394405,0.42869294945198755,0.20436228802006653,0.11003871530617809,11.0,12639.0,18286.0,186.1746875,180.47405257767156,27.37799468613008,1,219
cast_def_0_773.jpeg,0.1311256016568409,0.24635312477715174,0.7817258883248732,0.934010152284264,1.045685279187817,0.0473964326154642,0.10156896082643724,0.2937837815542424,0.4938117953082983,0.7660908004507613,0.8788957614282866,0.2862455530005211,1.1218274111675126,1.147208121827411,1.2538071065989846,0.5538020025647159,1.0085971166771348,0.4547951141124189,0.1274692712691602,0.3142409963579208,0.0018929150892374256,0.022075814936820887,0.00489207925660062,0.1415752986872511,0.1569644525296229,0.22696543586213677,0.0668789026009145,0.08999950833374305,0.2536752052706623,0.03508038743301047,0.3509470216854241,0.23052200567298015,0.15692195077317228,11.0,13059.0,19734.0,125.515625,116.68199320498302,24.453936821964312,1,470
cast_def_0_7745.jpeg,0.10106809152256559,0.17162297989818776,0.5075757575757576,0.7954545454545454,0.8787878787878788,0.045724580267709466,0.09993450681567695,0.25725525960617657,0.5186744166286061,0.9769386614835107,1.020038412082416,0.2881887777107341,1.5,1.7727272727272725,1.9318181818181817,0.8000314741518165,1.411012053644405,0.6109805794925885,0.1690225981897104,0.21001045371523575,0.002707297110117736,0.02390396440638838,0.0065268945833071,0.1394782681693215,0.16419022434888456,0.22897647379798106,0.07043169846166761,0.09218451593947408,0.2342651472223971,0.03733551596046087,0.38126141339564473,0.20673709427219353,0.14410823335362383,15.0,17918.0,20588.0,231.94375,225.05911028236548,24.20984217267151,1,472
cast_def_0_7782.jpeg,0.1914906405150835,0.2041031217660369,0.6605504587155964,0.8073394495412844,1.1559633027522935,0.08376366316542189,0.14246841877389185,0.3950390961172331,0.720664721113805,1.2621807827150586,1.0497548528672243,0.3477346108322427,1.7155963302752293,2.1100917431192663,2.3394495412844036,0.7360757840646038,1.3661289857377734,0.6300532016731696,0.17214677289556565,0.2936260447881135,0.011583620492520718,0.051546716922810036,0.016046744521633537,0.14344291380493152,0.17268978133846408,0.19264767341917882,0.09170694780668207,0.07630680429279986,0.16333772286049977,0.0806910745404796,0.7447730901819158,0.5448521840349804,0.3204121834380456,13.0,68382.0,71209.0,227.34359375,225.04291249596383,10.917824928614289,1,474
cast_def_0_7797.jpeg,0.11220374008299348,0.19795789331528268,0.6319018404907976,0.9079754601226994,0.9815950920245398,0.04196184388079678,0.0789660253766466,0.19233030987706212,0.426669576519512,0.7665643558036686,0.9159927604464259,0.32582490476212583,1.343558282208589,1.4233128834355828,1.49079754601227,0.4905882834659124,1.216277060750951,0.7256887772850387,0.23435088978484075,0.41759184179467806,0.0009549742544103034,0.01765411864909858,0.005187833111796513,0.14342680896643395,0.23169740221192686,0.2628114958252139,0.0766173263301888,0.07669475667514099,0.1587451122094749,0.02621017176631522,0.37959888272174735,0.23084023640265175,0.15373365141398038,10.0,12330.0,18968.0,178.28703125,172.77352306633006,28.79525724734092,1,478
cast_def_0_7837.jpeg,0.11053840676263654,0.178227860271037,0.5802469135802468,0.9012345679012346,1.08641975308642,0.04618760053947802,0.08898071836766573,0.23527194931825476,0.46522466993700046,0.7998800826523876,0.9235256888719943,0.2888282641364971,1.271604938271605,1.3888888888888888,1.5246913580246915,0.5193730819922023,1.198978622376837,0.6796055403846347,0.200492053574179,0.39984426659733496,0.0018796346173682824,0.02413725917181465,0.007140319308661219,0.1470814088090681,0.2179000813744255,0.25111460040572603,0.08435433404774731,0.07260661768919555,0.1580841480326873,0.0357015965433061,0.4712032928850163,0.2739830010156626,0.11699363874485487,20.0,10090.0,24844.0,154.224375,151.43703039759208,24.944474389538115,1,356
cast_def_0_7892.jpeg,0.12325716860847138,0.1868960400318149,0.605263157894737,0.7719298245614035,1.4912280701754383,0.055162025080080085,0.11952917102510748,0.34763614108298246,0.5866637947707196,1.1236504849972677,1.0248411395315167,0.28066872217192745,1.4824561403508771,1.9210526315789471,2.2280701754385963,0.8226175440017857,1.2897256427055088,0.46710809870372316,0.14074331939940635,0.1923287801839496,0.0024356382590057725,0.0227001485739338,0.005127018535207151,0.14342255888155492,0.17647417005626326,0.2552427113525099,0.0751881530555082,0.08669654382931047,0.19795649950069416,0.034756557956012374,0.5150199510292918,0.2830552280765394,0.16727124331187085,22.0,15707.0,24366.0,229.399375,219.61661654661165,11.42485055167802,1,94
cast_def_0_7905.jpeg,0.08731748279113755,0.15425852839232557,0.30534351145038174,0.8244274809160306,0.9236641221374046,0.0445441961578213,0.09664450805395759,0.24046483000488497,0.514138571740709,1.0300129441481576,1.0181376058539107,0.2858233545479844,1.4961832061068705,1.7251908396946565,1.923664122137405,0.7373581006342896,1.418268831100611,0.6809107304663214,0.18873949601867365,0.2712316125670321,0.0021600404853302393,0.021612747941789995,0.0058506239431230485,0.14136539244849847,0.16349655010676772,0.24607181208882087,0.07233049853734401,0.08827776886332499,0.2257797746152042,0.033054790969796466,0.40686043707438074,0.2183764168169134,0.09450039619196363,17.0,7703.0,18541.0,215.4871875,206.6333369206837,17.279309383145925,1,454
cast_def_0_7924.jpeg,0.12605881887166917,0.2062297189718263,0.678082191780822,0.9178082191780822,1.1232876712328768,0.04020342293679145,0.07513226087916314,0.15434722925787625,0.4368079776837687,0.8037391068536526,0.9777565534299711,0.3298860566340333,1.4246575342465755,1.5273972602739727,1.671232876712329,0.25760077686268107,1.3033856582562968,1.0457848813936157,0.29826515323145414,0.554757732849013,0.0032402073732718892,0.03149801587301587,0.009528609831029185,0.15088165642601126,0.18847606246799795,0.23955933179723501,0.08810963901689708,0.07198860727086534,0.16971486175115208,0.04700300819252432,0.47622610966456175,0.28768430778158716,0.1603964478516833,24.0,18548.0,35851.0,158.61015625,176.4094555094827,10.191781897228724,1,483
cast_def_0_7933.jpeg,0.09482682439612015,0.1866907337991294,0.6395348837209303,0.8895348837209303,1.1511627906976742,0.0468174381574729,0.09725887707908694,0.2696931896494944,0.5110873531742723,0.7578042890181471,0.9381413806775084,0.2729973665017594,1.2790697674418605,1.3837209302325582,1.4651162790697674,0.553937321485477,1.1878256023091445,0.6338882808236674,0.1853057787019877,0.38146948046173246,0.0023943061431991866,0.028359954956432374,0.008374605048815419,0.15028370887861195,0.18057878797817792,0.2347075994621011,0.08135174434495501,0.08022565515431795,0.18777263931253896,0.04595099872085014,0.3648835000051074,0.15027018192590172,0.09906330122475664,12.0,8832.0,14257.0,148.47234375,143.89079845507325,17.880220916102186,1,484
cast_def_0_7982.jpeg,0.08739375571287131,0.15294066814655569,0.317829457364341,0.813953488372093,0.9147286821705426,0.04716510791581893,0.10181063400510025,0.2506226846562358,0.5481667512043245,0.9867215280086408,1.0247281772395942,0.28438290873911504,1.5116279069767442,1.7131782945736436,1.9534883720930234,0.7559393269051583,1.3883643072551304,0.6324249803499721,0.17017041209863187,0.25818849392237964,0.002429322726180624,0.02246456125363731,0.0062067860861208255,0.14375717451079847,0.1697989802183721,0.24844496649670306,0.07667049307242585,0.08730879094476628,0.20837448944178968,0.0345444352492058,0.4015776308294326,0.23975282958119723,0.0977784382197786,19.0,7123.0,18970.0,215.9434375,207.71050365527907,17.301706634714733,1,322
cast_def_0_7987.jpeg,0.10725184787924819,0.19143729934510684,0.6377551020408162,0.8979591836734694,0.9897959183673468,0.051360746202880815,0.10434219358364845,0.3011970831631525,0.5317248134347128,0.7583012756526215,0.8833546932819586,0.25956651939005104,1.1122448979591835,1.1479591836734693,1.2142857142857142,0.5279941498755071,1.0513495257515248,0.5233553758760178,0.16908396585806132,0.35105376943961486,0.005440263632618855,0.04124941407082286,0.00958793198960242,0.1433502365023224,0.14754051789037087,0.2166304455902615,0.08670331387338248,0.08258405420377551,0.20138918481271573,0.06552463743412736,0.41609591292116366,0.20048902969672272,0.12107428781763925,8.0,9986.0,14376.0,151.07765625,149.10508001078247,15.989947057355439,1,485
cast_def_0_8045.jpeg,0.08910285569799503,0.16911990845390407,0.5901639344262295,0.8306010928961747,0.9726775956284153,0.03976193177581333,0.08814163916376579,0.23291848944186352,0.4713875363437855,0.7160881106463671,0.9097906879186783,0.24966449500365495,1.180327868852459,1.2349726775956285,1.3333333333333335,0.5662181730953866,1.1016899709562173,0.5354717978608308,0.1698738464953045,0.33540018496933366,0.0018455100812221816,0.025402903470940617,0.005862208493293989,0.14876587681466935,0.1595428661659775,0.24036041726292104,0.07798513722897155,0.09082475549458684,0.20912491241228892,0.04028541257512805,0.36715735711840414,0.1460043116609147,0.09027655696296227,17.0,9905.0,15158.0,157.38984375,152.7424199931445,19.56372007507959,1,488
cast_def_0_808.jpeg,0.0808680066505226,0.16269287608773028,0.5454545454545455,0.8074866310160428,0.9358288770053476,0.039235697861644867,0.0845374180507258,0.2350931158641312,0.44006396334297293,0.7085712842698052,0.9018392164484785,0.26819891676342356,1.2085561497326203,1.2566844919786095,1.3368983957219251,0.5013270115440425,1.1449735420832639,0.6436465305392214,0.19846761868528165,0.3911501176912163,0.001639524647887324,0.027079665492957747,0.006183978873239436,0.14964788732394366,0.16346830985915492,0.23866637323943662,0.07659551056338028,0.0903719190140845,0.20507262323943662,0.04127420774647887,0.2830153770249157,0.13148589754132062,0.09333114053120632,10.0,5528.0,12603.0,152.54421875,148.7891891243886,19.60986670510063,1,491
cast_def_0_811.jpeg,0.11433446972489002,0.18679070852492025,0.6240601503759399,0.8796992481203008,1.1428571428571428,0.05321472915931309,0.09232250568433979,0.25466976773593897,0.4971101001090524,0.7793410804294723,0.969954542965113,0.3274928043554741,1.3834586466165413,1.481203007518797,1.8045112781954886,0.5635879234827581,1.2866144445759211,0.723026521093163,0.2333952549196719,0.3981062535261971,0.00411329180867317,0.03538606181689975,0.013468092607827007,0.15787989187918675,0.19600423081443177,0.23350569984722058,0.10113996944411799,0.06581266893877072,0.14042778234810202,0.052262310494770245,0.5460101867572156,0.24953173777315296,0.12333643682567501,27.0,15249.0,21104.0,163.25359375,156.87657497405925,21.01003463917619,1,101
cast_def_0_8121.jpeg,0.09541594068542228,0.19008240772659485,0.6502732240437159,0.8907103825136612,1.010928961748634,0.04205722314076908,0.09082292523601167,0.24480859061035587,0.46427514145937204,0.7637870508344361,0.9251461086584448,0.25012722214776395,1.180327868852459,1.2349726775956285,1.360655737704918,0.6157542673275498,1.0606951919288634,0.4449409246013136,0.13512817062724003,0.2967467728772768,0.0019255136773584436,0.02730502621183135,0.006149221098660836,0.14103455986484137,0.1647370120996795,0.23578225545976297,0.07426271460160501,0.08591517801684515,0.2209371661407737,0.04195135282864171,0.3258648979686164,0.14417277160222783,0.10383397656629151,11.0,10040.0,11898.0,148.71140625,146.2432015971159,18.909512656538805,1,496
cast_def_0_8142.jpeg,0.11197500400380693,0.1866911251893489,0.595890410958904,0.8835616438356164,1.1643835616438356,0.04764818728729801,0.09158322106594924,0.24046485950817206,0.4934508456765403,0.7570003878232633,0.9460613979239079,0.3636556620647599,1.4178082191780823,1.5136986301369864,1.7123287671232876,0.4884866268958206,1.3203226468338607,0.8318360199380401,0.2891629899551233,0.4499688532497215,0.002485718520883456,0.026510530096578146,0.009007879043568489,0.1509104799261126,0.21033967685659227,0.23699843787414054,0.0837846774837231,0.07272437030364534,0.16483278411876717,0.04240544577598887,0.49018648341010396,0.2144293267236152,0.1273469995638437,26.0,13738.0,19221.0,164.139375,161.98216102026444,20.104566844946937,1,497
cast_def_0_8213.jpeg,0.11036890838206626,0.20365534390742215,0.6473684210526316,0.9052631578947369,0.9526315789473684,0.04082930956002995,0.08402550721339722,0.2197535842556594,0.4361008295056768,0.7531213901190482,0.8888442373294346,0.2857579072778858,1.1894736842105262,1.2526315789473683,1.305263157894737,0.5641457547625355,1.0873500013471127,0.5232042465845772,0.1762022162941055,0.31040502831808414,0.0011945647304763326,0.021925240157284358,0.004305410382758449,0.1397142999352944,0.19180229953710617,0.2472375690607735,0.06820218008063311,0.08603354735951421,0.20728186750286198,0.032303021253297495,0.39380787037037035,0.20993055555555556,0.12365740740740741,14.0,6620.0,17947.0,175.06921875,172.5607260630325,19.986173724408236,1,501
cast_def_0_8220.jpeg,0.1579372169208948,0.2638535973062353,0.8061224489795917,0.9387755102040817,0.9744897959183672,0.0540121105885342,0.10960227613519177,0.3202843965835673,0.527014669095737,0.7639635332210749,0.8584550823259635,0.31165053497925677,1.1377551020408163,1.1785714285714286,1.2244897959183672,0.5039960019028515,1.017360770008529,0.5133647681056774,0.1448863508739784,0.3466653753678325,0.0032658393207054214,0.027949508605106862,0.005377242416417298,0.13409688150319748,0.15404128628499386,0.2156669147691887,0.06627375328482676,0.09031944465541597,0.2603253687360442,0.04268376042410341,0.38851422402310615,0.2970149881524894,0.2085582490921582,3.0,16494.0,21057.0,142.3915625,138.6725561817031,23.28155239947927,1,178
cast_def_0_8239.jpeg,0.09264921683473602,0.17797761717604904,0.5289256198347108,0.8677685950413223,0.9256198347107438,0.040614725268124485,0.08621394383572904,0.2171039341092353,0.4632100533995619,0.7186994682200862,1.0285378282407056,0.3494590566682995,1.7520661157024795,1.8677685950413223,2.0578512396694215,0.6751946294856893,1.5883843808886007,0.9131897514029114,0.255522901979671,0.3407375214270333,0.000874418126173392,0.012704781009695755,0.0029704498109713756,0.12990252809711184,0.18185325206388395,0.26582311035671113,0.051616387624411696,0.09349844405009901,0.24281819818429648,0.01793843067664532,0.36902714067278286,0.20540663226299694,0.10224340596330275,18.0,5216.0,16826.0,213.94296875,199.6967337147075,24.466286810445247,1,503
cast_def_0_8288.jpeg,0.08760677516674108,0.16245520307189865,0.5166666666666666,0.8444444444444444,0.9555555555555556,0.04424773445869345,0.08982011771486066,0.24327926161869665,0.471479971496085,0.7536843659362916,0.8972508353964581,0.2778117640378727,1.2,1.2999999999999998,1.3888888888888888,0.4760491820036467,1.1182914906023458,0.642242308598699,0.20942884957720728,0.4168860843611784,0.0028856243441762854,0.029918677859391396,0.008001049317943336,0.1512329485834208,0.17439664218258133,0.23481112277019936,0.08382738719832108,0.07864637985309549,0.18555876180482686,0.05072140608604407,0.3914282235480336,0.1346036770972848,0.09195178375745769,10.0,6245.0,10484.0,163.77359375,161.69140028390203,20.411991307724062,1,13
cast_def_0_8314.jpeg,0.09603006134276257,0.18353668600426504,0.5941176470588234,0.8529411764705882,1.023529411764706,0.03904350816239141,0.08237329086434461,0.2223148111816823,0.42618065551374074,0.7552354750919544,0.8843734113580135,0.29311896088975814,1.1823529411764706,1.2352941176470589,1.4705882352941178,0.4158525763401098,1.1264641756818565,0.7106115993417468,0.21651355221183727,0.4599847314266626,0.001630535102651927,0.022591627868818836,0.005691490452652952,0.14665586479890066,0.16786307607112824,0.24369834075107163,0.07137436675759379,0.08978198002338125,0.21601000881924648,0.03470270935455422,0.3380257345880545,0.1759170347608988,0.11271365469560207,9.0,11389.0,17940.0,160.9,156.26808564550868,22.144801972838838,1,506
cast_def_0_8340.jpeg,0.11829518882374182,0.23048262130928968,0.7806122448979592,0.8979591836734694,0.9693877551020408,0.04718836769491844,0.10046628291564634,0.29315930955513264,0.4881386042945894,0.7462007233815691,0.8833728801922057,0.27150405081730855,1.1581632653061222,1.2142857142857142,1.280612244897959,0.6242723990717377,1.0071701465906568,0.38289774751891914,0.12515205399349252,0.24585820137498482,0.0019744018114791445,0.024507435072555817,0.004984329048559239,0.14317864884642467,0.16631919035718723,0.23317271183398455,0.0683446780896627,0.09107100943018488,0.2276775235754622,0.038770071934499564,0.3213257774423394,0.19687104243153006,0.13770739257800008,6.0,12118.0,15134.0,156.73828125,146.51005652577408,27.599400517147867,1,508
cast_def_0_8415.jpeg,0.10345579138508315,0.1959434587654286,0.6424581005586592,0.8547486033519553,0.9608938547486033,0.04344739529017646,0.09143415320037278,0.2620610100219631,0.46846252853623127,0.7543554546302024,0.8931994197569575,0.28059203365445,1.1843575418994414,1.23463687150838,1.3798882681564246,0.4947262175410001,1.126804639186229,0.6320784216452289,0.19224916398620942,0.3898353476630946,0.0020660595351366046,0.024140274568438223,0.0059671061574011145,0.14390376512165284,0.15322821802365094,0.234307462280821,0.07182275383988039,0.08798423270354765,0.23962212858502108,0.03695799918445018,0.3404067642833741,0.2207716928350009,0.12696892562816603,7.0,11677.0,17183.0,163.49890625,158.61869576424093,20.822418332954374,1,357
cast_def_0_8441.jpeg,0.1028344431805422,0.21611146325293343,0.7529411764705882,0.9588235294117647,1.0941176470588236,0.046262171576216975,0.09672163964159579,0.2635146802109192,0.503653561800058,0.8173296040526733,0.9578239956452329,0.26333675345057134,1.2764705882352942,1.3529411764705883,1.4764705882352942,0.71257727665524,1.1643455980272714,0.4517683213720315,0.13823817679750625,0.24258601872797014,0.0019329896907216496,0.024106825453252757,0.005765641663704231,0.1473404728048347,0.1914437433345183,0.24420103092783504,0.07773062566654818,0.0834962673302524,0.18648906861002487,0.03749333451830786,0.3210536144078347,0.16368578305253548,0.11305917503527263,10.0,6928.0,15448.0,151.3153125,143.67906659773465,24.37468419108204,1,512
cast_def_0_8596.jpeg,0.09106836552979652,0.19956168452058587,0.6374269005847952,0.9649122807017544,1.0994152046783625,0.04444408972208525,0.09471380973332492,0.2632342319128878,0.49423309806051335,0.817472430347618,0.9637901361431385,0.24662425302086113,1.2690058479532165,1.3508771929824563,1.4795321637426901,0.7418119080700613,1.1635015900476013,0.4216896819775401,0.13245337680973812,0.21854476412116697,0.0017709622563669113,0.02431048188285487,0.0060474336140711,0.14783509926444693,0.18489449693603405,0.24636499934595144,0.07555770217647237,0.08591179400489027,0.18973445628440044,0.03757257423451163,0.2970030073628539,0.13318186531916698,0.09764030431872389,9.0,7556.0,13710.0,151.7421875,143.66063744546992,21.131152763222367,1,518
cast_def_0_8615.jpeg,0.12671718246545471,0.22231153735238735,0.7388888888888888,0.961111111111111,1.1277777777777778,0.049956060518680526,0.09752186064519368,0.28486954178782553,0.48152599509332533,0.7383051683449994,0.9151646337137886,0.27913639920426225,1.222222222222222,1.2777777777777777,1.3777777777777778,0.5952473985634973,1.0992209174937624,0.5039735189302651,0.1517122900957028,0.30929015335837695,0.0019726475576458133,0.02386422411200789,0.006735869709034485,0.14353416649626521,0.20293010332343,0.2403502652248698,0.0703657817818781,0.07701745311954966,0.19218879680527323,0.04104069187004583,0.4811993861938418,0.2158850345545985,0.1377143561195802,13.0,11706.0,18451.0,154.1309375,146.24504100657123,26.29419189222482,1,519
cast_def_0_8631.jpeg,0.09964122031824155,0.17661467196110728,0.6012658227848101,0.8417721518987342,0.9556962025316456,0.042124149722019055,0.07902116047900744,0.21046683029109356,0.3926914122921959,0.7415773116467188,0.9988711668764543,0.27209169159557717,1.3481012658227849,1.4683544303797467,1.6139240506329113,0.6952798515471275,1.2475305828173566,0.5522507312702292,0.17243388689325492,0.2898388636111495,0.001503444366396786,0.024030463233391253,0.006420446843382996,0.14580945691153094,0.21878812525416835,0.2438044536458526,0.07692212897580933,0.0795100250163284,0.1685582954391413,0.03465316031399805,0.4467145920040358,0.20734014377601212,0.11013655281532693,15.0,12024.0,17626.0,186.613125,181.31134083307995,26.11118841348299,1,520
cast_def_0_8646.jpeg,0.12424501565560443,0.21789247578606338,0.7657142857142857,0.9542857142857141,1.0628571428571427,0.04934477975732616,0.09030286376675789,0.2590918175852018,0.4484241612552995,0.7417849405044454,0.9463634437180525,0.23629165891253842,1.1657142857142857,1.2228571428571429,1.3828571428571428,0.7395141811657115,1.0746664305558191,0.33515224939010757,0.08278192560916195,0.19567276259288757,0.0018314193499962472,0.02340313743150942,0.005314118441792389,0.1433611048562636,0.22269759063274036,0.23961570216918113,0.07061472641297005,0.0755835772723861,0.17784282819184868,0.039735795241312016,0.4929643852328338,0.26857332982130233,0.12772240167468427,8.0,10258.0,18913.0,158.7803125,151.40712093403457,24.097929593994216,1,1
cast_def_0_8675.jpeg,0.13843239744544944,0.20270117561243625,0.6666666666666666,0.7948717948717949,0.9658119658119657,0.06180456718147709,0.12169936697018846,0.3598800603885045,0.6013733157157816,1.0496869630668297,1.066132289324757,0.3158831973422076,1.623931623931624,1.9401709401709402,2.1794871794871797,0.8416079726229381,1.388426786812928,0.54681881418999,0.1627248828057632,0.21166283311464784,0.0037105751391465678,0.031676856221439155,0.009587727708533078,0.14929461717572934,0.18978720225124826,0.23773829238834032,0.09244063702357087,0.0737881485724247,0.16438594962084896,0.04758999389871873,0.5552943356457086,0.31038715878953527,0.18598214182310907,29.0,16659.0,26173.0,237.33375,231.51891876231312,9.724176294673368,1,318
cast_def_0_8709.jpeg,0.13064179987771501,0.21800484466372713,0.6947368421052631,0.9105263157894736,0.9631578947368421,0.04612928695197474,0.09074655335686063,0.2447884776575832,0.4619555239860426,0.7564519344187524,0.82371713591614,0.35128451810935674,1.1736842105263157,1.2157894736842105,1.3105263157894735,0.3242862718722703,1.096178089769474,0.7718918178972036,0.24891004265466427,0.49071502002205547,0.00141990275005693,0.020454636786197473,0.004755334681794436,0.1355069454676972,0.19728611040413646,0.24161118776204574,0.06595850133283324,0.08374747163543327,0.21788809558892475,0.031371813590880475,0.37820711933900725,0.2849972044480338,0.19926694415108406,8.0,19827.0,22757.0,166.10609375,159.8094234150694,33.286093781576724,1,524
cast_def_0_8764.jpeg,0.0897081238143539,0.19775562130054983,0.6974358974358974,0.897846153846163,1.005128205128205,0.04446189891490861,0.10084113733348837,0.2896720928972594,0.5040616090396559,0.7540924942003704,0.9208884554465708,0.24354569976329143,1.1384615384615386,1.2153846153846155,1.2974358974358975,0.5821029004245066,1.0691142409101526,0.487011340485646,0.13753263319826578,0.3335723643809587,0.0018372971317750333,0.025483991698138884,0.004355074682726005,0.14056457192110963,0.13778594354280788,0.2137842650244406,0.06336406836559945,0.09263606773048438,0.27812368865752557,0.04206503124539258,0.24639920417385414,0.148286116431905,0.10481199665583694,10.0,9826.0,13509.0,138.20375,132.27820618486862,22.244448256131644,1,528
cast_def_0_8766.jpeg,0.08878898705974574,0.17801567081093309,0.5263157894736842,0.8830409356725146,0.9649122807017544,0.03970874936441694,0.0800600660228185,0.20195028204666404,0.4206082165677796,0.7531226672486154,0.8871088506955712,0.29210987442650427,1.2339181286549707,1.3333333333333335,1.4444444444444446,0.498311793998608,1.1087212441970995,0.6104094501984916,0.1978866682763042,0.3800733348079,0.0015650013141232408,0.021683033474302917,0.004969775165460062,0.1419253100136191,0.20015291615893724,0.2401261558311232,0.07165555635199389,0.08368575729338398,0.2000453969846845,0.034191097412371876,0.3278881890815214,0.14394765539803708,0.10258607259697772,11.0,8369.0,12617.0,160.3871875,157.2972377056781,15.94866425444991,1,529
cast_def_0_8785.jpeg,0.08154872735749946,0.15343064274872104,0.47878787878787876,0.793939393939394,0.9575757575757575,0.036279903229245264,0.07268712646551596,0.19389766178580836,0.3661099888147328,0.738825539100276,0.9401014844215962,0.27146566856285437,1.2909090909090908,1.3393939393939394,1.5333333333333332,0.5539692477151749,1.2159726080694047,0.6620033603542298,0.1977771717976971,0.3761421073007378,0.001314271060392358,0.01976749155874685,0.004637346668376287,0.14899346070008976,0.19065478480147027,0.25394281318117706,0.07302218233106808,0.08792793947942044,0.1888703679958969,0.03086934222336197,0.35742831451693474,0.1744729743231092,0.08492356878809072,14.0,11391.0,16834.0,157.178125,151.74613773907714,17.289974765831964,1,530
cast_def_0_8838.jpeg,0.09864746526554106,0.17522747703279345,0.6000000000000001,0.8222222222222222,1.0222222222222221,0.038682725453567414,0.07733456376155712,0.20275970237064964,0.39070345499427095,0.7466488919842007,0.9189486574326223,0.2591151671794496,1.1944444444444444,1.2555555555555553,1.3388888888888888,0.5905988918661007,1.1128241659627396,0.5222252740966389,0.16734618192524528,0.31414080389078614,0.0010532461733963755,0.0214312699630219,0.0049456776837742845,0.1459203883272848,0.19151907863856485,0.24667712280621415,0.06931962586864189,0.08739653573595577,0.20067774101592462,0.031059313787221376,0.4122000448531061,0.1923450698960903,0.11472783775990773,13.0,13764.0,17652.0,176.3009375,171.93689325774133,22.037319978994496,1,534
cast_def_0_8855.jpeg,0.1036205507760699,0.17446871327976837,0.5679012345679013,0.8950617283950617,1.0493827160493827,0.044015501352288475,0.0858603447872216,0.21545138786743215,0.45836949440465424,0.760088438628965,0.9159195918420471,0.28856906382340625,1.271604938271605,1.3827160493827162,1.5185185185185186,0.5350299772468301,1.1679513323778954,0.6329213551310653,0.2028780481442691,0.3735656562405636,0.0019152260470742402,0.023537120104833425,0.007056095962905095,0.1490852275590948,0.21534952875359104,0.25443526031954034,0.08140970717201754,0.0757018295448818,0.1547427045007812,0.03676730003528048,0.46718987934871736,0.24532037015344968,0.10322127210964038,19.0,9194.0,20145.0,153.43640625,152.00846757734257,20.23425329431288,1,535
cast_def_0_8867.jpeg,0.139719822171898,0.23396097669456925,0.7577639751552796,0.937888198757764,1.298136645962733,0.05578179858237182,0.10416693038301875,0.30105007638205566,0.5171017286324966,0.84399088192516,0.9255370040620758,0.31621115398112537,1.3043478260869565,1.422360248447205,1.5590062111801242,0.5661603518291131,1.1599409323772565,0.5937805805481434,0.17818910208735003,0.3485558268194794,0.0019046830358991347,0.025119732792292935,0.007673940347535644,0.14864808910604116,0.2268367079347991,0.24477937421500834,0.07914096034670752,0.07105295846962859,0.15512125101790125,0.0397223027341863,0.4968606539558318,0.23558522269536195,0.15018989526988147,18.0,10234.0,17550.0,156.479375,149.9091745519925,28.74527820183645,1,536
cast_def_0_8954.jpeg,0.14288995734380305,0.24060123239398581,0.79375,0.93125,1.2437500000000001,0.05860545637197436,0.10420581461479983,0.3013215517239496,0.5118778304421827,0.8322127882939553,0.9098821419610043,0.3204705270234677,1.30625,1.40625,1.5750000000000002,0.5860394999618118,1.1220888759587109,0.5360493759968991,0.16413846883898298,0.30828543145217935,0.002227599801278867,0.024439494222663824,0.008525777656693215,0.1473100530457219,0.23601339765060336,0.24417057965672526,0.07895959871151781,0.06849468741486242,0.15101203544928604,0.038846776390647285,0.4895868695665009,0.24643178698469395,0.16449941698277515,11.0,10811.0,16415.0,159.9840625,156.32954949851478,22.10550331907097,1,537
cast_def_0_896.jpeg,0.09830713668930431,0.2150517758566357,0.7314814814814816,0.9027777777777778,0.9768518518518519,0.04027777601180677,0.09321401372753857,0.27226394757877165,0.44231993962581057,0.751778655098695,0.8984350859996733,0.24702073233339888,1.087962962962963,1.1111111111111112,1.1574074074074074,0.6190580533685331,0.9906199357437259,0.3715618823751927,0.10990606608848998,0.2632470074961617,0.0008836083847638727,0.01722356651532041,0.0026644191294418313,0.13103232647290722,0.1274707049835513,0.22512982246268454,0.0485033033359615,0.09499469834969142,0.32682635056143117,0.025271199804246757,0.26655324511657214,0.15146817895400125,0.12114681789540013,5.0,11460.0,11762.0,143.31609375,137.63337343186114,22.34442130781845,1,538
cast_def_0_8975.jpeg,0.09314828466430473,0.1627098776299026,0.412109375,0.828125,1.0390625,0.047718424981447925,0.10386452605625136,0.2603560312750032,0.5406839425799722,1.0560700573657285,1.0285542293367516,0.2997783618129751,1.5390625,1.7265625,1.984375,0.7583747741636511,1.338041099254205,0.5796663250905538,0.14772201769935744,0.2557990090291484,0.0026684928918906154,0.023496906437443916,0.0072852217446748215,0.1410404760780239,0.16725310537004676,0.2434350351863222,0.0736669343031219,0.08637179426628253,0.21943040664997876,0.03535162707221461,0.39309684659903615,0.24411900622758181,0.12268116101489779,15.0,10921.0,21602.0,220.38671875,210.06163829764893,14.923485079909959,1,539
cast_def_0_9075.jpeg,0.12196986092873484,0.22029555419271055,0.7868852459016393,0.9453551912568307,1.0546448087431695,0.04834228189651856,0.09084945789869948,0.2585739358327178,0.4505762092507562,0.7482349062507491,0.948221230804718,0.24643637576279728,1.1912568306010929,1.2349726775956285,1.366120218579235,0.6799565949103201,1.1141574638038263,0.4342008688935062,0.10714820807109195,0.25604059565223336,0.0016302322692833189,0.02212458079741647,0.00484411874301329,0.14131784871444542,0.22487889703142466,0.23871258228791453,0.06746056390510495,0.07662091665631598,0.18593963482797168,0.036470624767109674,0.4268020275494716,0.24804547667458976,0.12719436409977375,8.0,9783.0,17117.0,169.60390625,161.5012176173544,26.442412979580556,1,1
cast_def_0_9079.jpeg,0.11829690378549058,0.19711144465624866,0.6607142857142857,0.8988095238095238,1.1250000000000002,0.04830139381670875,0.09408069639105777,0.2489161234867213,0.4899588829794519,0.8504330837806476,0.9216096988408053,0.2793894240461955,1.255952380952381,1.3928571428571428,1.505952380952381,0.5547466617657989,1.1416620457693634,0.5869153840035645,0.17325726699375418,0.36006328207105043,0.0016524309353690041,0.023925338050131497,0.006900644680801545,0.14784602136523378,0.20838085042008983,0.24483906253636512,0.07970070053762189,0.0784904694300277,0.16993273907882794,0.038331742965531684,0.449649575802287,0.25689456896738777,0.14915268947859484,16.0,11600.0,23160.0,151.2140625,145.5701422770795,27.62830116923737,1,546
cast_def_0_91.jpeg,0.1351936204261352,0.16589419439352476,0.5118110236220472,0.8031496062992126,1.330708661417323,0.05539747604151674,0.10455975806299898,0.273316687761744,0.5512724896117305,0.9602789148321379,1.0188603155404723,0.24178691326409485,1.4015748031496063,1.700787401574803,1.9606299212598424,0.8390196457652418,1.1977811336034812,0.35876148783823936,0.10404919845863485,0.16708125954996833,0.007674622655130668,0.045236958139431564,0.016326621277919076,0.14736164021457845,0.17586103490787122,0.20669280406943813,0.09718226951142309,0.07464708952985995,0.15735753079289624,0.07165942890145162,0.6527511279365243,0.4195405279261526,0.1876264066794586,28.0,17239.0,39531.0,229.4871875,224.18973906911143,11.734028468407871,1,19
cast_def_0_9188.jpeg,0.09367609968991363,0.1795296028016129,0.5857988165680473,0.8284023668639053,1.017751479289941,0.04177874713950157,0.08804082538758966,0.25014438602146993,0.44545406647398683,0.7068792825418153,0.8830438929573488,0.29246383038708484,1.183431952662722,1.2366863905325445,1.4792899408284024,0.422097976902934,1.1156715186159039,0.6935735417129698,0.2144433825626523,0.4512494373892107,0.0017445835396185491,0.022632435108564962,0.005705259683617418,0.14794775679562439,0.16541716764504796,0.24610415635240587,0.07014876110993234,0.08845510054930807,0.21621048164650966,0.03563429756937077,0.33300744776676844,0.1819100555836281,0.10922292769734385,6.0,12185.0,16260.0,160.10953125,156.2090772163765,21.08652542288936,1,451
cast_def_0_9211.jpeg,0.10357490977547588,0.18796737323268067,0.6222222222222222,0.8944444444444445,0.9611111111111111,0.040583041413044356,0.08295879321303763,0.21920499369193663,0.42349442820062466,0.7585075603682553,0.9145128767905497,0.2694007486776261,1.2333333333333332,1.2944444444444443,1.3722222222222222,0.5662419720444588,1.1688259898733941,0.6025840178289353,0.1735161828995645,0.34282206489558886,0.0010843192407618148,0.018873596289695746,0.0038219569278337235,0.14083267129023253,0.19484465248105126,0.25719837674188906,0.07111416485946793,0.08609065338286132,0.19651944259549525,0.029620166190711356,0.3936142449913679,0.23062793592162845,0.12146183803749949,8.0,10109.0,22728.0,160.46984375,153.07969119189315,30.3969402418113,1,76
cast_def_0_9227.jpeg,0.09710922988504612,0.19338088288504757,0.6847826086956522,0.8967391304347826,1.0543478260869565,0.045545104961587445,0.09817775503351575,0.27425802658537235,0.5049222528109866,0.7355752895633846,0.9351376118704371,0.2317246670485879,1.184782608695652,1.2282608695652173,1.3423913043478262,0.6807441599131416,1.0867612945319527,0.40601713461881106,0.11037343915216163,0.24709684409391097,0.0017202674344834318,0.022522082865648333,0.005124200868674052,0.14686935727880532,0.1781147820994583,0.24559562734859205,0.07044556146600947,0.09152798789712557,0.20296715631252746,0.035112976428676,0.3629312498580481,0.1637443503145654,0.09895750528061051,13.0,9746.0,13772.0,138.6784375,136.95839351349198,18.499542591857626,1,550
cast_def_0_9262.jpeg,0.09243662808408053,0.18385660968864473,0.5857988165680473,0.8934911242603549,1.0059171597633136,0.04231620110571827,0.08419187767995343,0.2381840560370506,0.4144052778246946,0.7428569312414113,0.9495935148491217,0.31262901101153273,1.349112426035503,1.3964497041420119,1.467455621301775,0.525012445362562,1.232409988869456,0.707397543506894,0.21305212077744218,0.4121197857078963,0.0012055058741013503,0.023156671927055936,0.0054795721550061375,0.1442990531299316,0.19111651762230406,0.24499167105032438,0.0727577590741715,0.0858100999473961,0.19662896721024023,0.0345541820094687,0.31173977147069665,0.16084080763402547,0.11005651799975427,8.0,11769.0,15415.0,150.233125,148.55396422528403,15.600550699690077,1,552
cast_def_0_9276.jpeg,0.09978345143962655,0.17236440571083803,0.5705882352941176,0.8294117647058824,1.111764705882353,0.04860789785984316,0.09564192341690902,0.2620673231351617,0.4943630329650498,0.8144045418497291,0.9283979803457448,0.25567411196270434,1.2411764705882353,1.3764705882352941,1.4823529411764707,0.5772316320695976,1.1387338365306257,0.561502204461028,0.17041226455451242,0.3442864502378816,0.0017595229140923011,0.024982539085585342,0.007199269327889109,0.1531456508891635,0.19845000805888358,0.24258582711008436,0.07810401332402085,0.0813141352817923,0.17184226078547252,0.04061677322301617,0.4295502678460197,0.21061417715211161,0.11232091690544413,14.0,11247.0,16139.0,150.58515625,147.3564715523705,20.718418174670937,1,553
cast_def_0_93.jpeg,0.10090534303572242,0.19137646297765662,0.655367231638418,0.8813559322033898,0.983050847457627,0.03720578214805301,0.07618864480266674,0.19226946201468512,0.39575680795312035,0.750370970209446,0.9180718199463509,0.2669958739312847,1.2033898305084747,1.265536723163842,1.384180790960452,0.6245867083551943,1.1202761469072366,0.4956894385520424,0.1621499273808477,0.27840359463401954,0.0014003150708909505,0.021267285139156312,0.005251181515841064,0.14731752144232452,0.17711797654472256,0.24786670750918957,0.07080343077192368,0.0879791703133205,0.2086141256782776,0.03238228601435323,0.3787358436567317,0.1805265955272088,0.11021505376344086,10.0,13255.0,17202.0,173.269375,169.83735290549558,19.743348516199063,1,554
cast_def_0_9333.jpeg,0.09663969607656359,0.17816167083487094,0.5862068965517241,0.8505747126436782,0.9655172413793104,0.03854013651076608,0.07184705518766424,0.186765030210279,0.33584701666939504,0.7501334821983848,0.9362255742457014,0.28765630268023024,1.2758620689655171,1.3103448275862069,1.4425287356321839,0.5565293881967652,1.2085169206620525,0.6519875324652873,0.2016167329807831,0.3649979814121659,0.0007203773847977134,0.017997815629865452,0.003799409755304069,0.14576023052076315,0.2086886807798666,0.25163246810587225,0.0661585295006158,0.08745613831245788,0.1922478098203704,0.025538540190086678,0.38662116780413824,0.19673924818546204,0.11718123713573828,12.0,13910.0,17783.0,169.74796875,165.27714162255592,21.922754421136407,1,133
cast_def_0_9378.jpeg,0.1517672367942037,0.2685510637188161,0.8157894736842105,0.9526315789473684,1.0368421052631578,0.051213599703400614,0.10442201410128002,0.31069826857128174,0.48730880397017007,0.765604065093397,0.8629865723699902,0.3144117647412721,1.1526315789473682,1.2,1.2894736842105263,0.531155607397657,1.0139316769998705,0.48277606960221353,0.13540147069717332,0.32520276774995116,0.0012185380251560406,0.021134865080761994,0.004684601741155445,0.13367362135961766,0.16585656453512773,0.23131913510878838,0.0632421235055985,0.08667867152276636,0.26074005876061146,0.031451820360416466,0.33933391079476266,0.2581127054067965,0.19747925532582633,5.0,13428.0,20465.0,126.42078125,120.85838674567663,19.824717011717663,1,558
cast_def_0_9379.jpeg,0.14153479354713164,0.24663867992527558,0.788659793814433,0.9587628865979382,1.0567010309278353,0.054140493807934356,0.10880133942030704,0.32359989709506426,0.535252634265227,0.7600088957559827,0.8849224933014284,0.3027154143665699,1.1701030927835052,1.2268041237113403,1.2783505154639176,0.5153219771170803,1.036465878050058,0.5211439009329777,0.1555473710721977,0.35663943348634464,0.00246395072098558,0.026753464930701385,0.007349853002939942,0.14765504689906203,0.19673806523869522,0.24143917121657568,0.07960240795184097,0.07715245695086098,0.176802463950721,0.04404311913761725,0.4571535988384153,0.22217900850445965,0.1573713959759386,15.0,10557.0,16383.0,148.8696875,143.42502386189153,26.577548232965004,1,468
cast_def_0_9403.jpeg,0.0754949608237145,0.14966006272906734,0.4333333333333333,0.788888888888889,0.9222222222222223,0.03639933415448178,0.07750656915637812,0.2048027210147085,0.4025195285303009,0.7172222760134243,0.887413519545862,0.3138796861216582,1.2444444444444442,1.2833333333333332,1.3722222222222222,0.39682506991933314,1.1764609916835707,0.7796359217642375,0.2528262719513249,0.4828113151588603,0.0012102906839748945,0.021560311033995243,0.004830452198873252,0.1467236467236467,0.17187198766146133,0.24611743032795663,0.06977914872651715,0.09290319816635606,0.21153310626994837,0.033470428207270315,0.29759067513168175,0.14793414912579358,0.08965372213654843,11.0,5165.0,14459.0,157.86640625,155.03719653950228,19.469435560720356,1,561
cast_def_0_9496.jpeg,0.12504653475371325,0.21838317322543738,0.7849462365591399,0.935483870967742,1.0215053763440862,0.04755235779259595,0.08932751599611849,0.25863267703997206,0.44271161616603,0.7374428122748784,0.9517712593404763,0.24802161624873803,1.1989247311827957,1.2473118279569892,1.360215053763441,0.7102805386851195,1.1000217270945432,0.3897411884094236,0.10580152358484192,0.22908000585028743,0.0017727990956155338,0.023855709569261207,0.0051128553627172646,0.14134861194969361,0.21945454311884177,0.2425908559536503,0.07048803360610459,0.07542103978520869,0.17996480094549286,0.03999075061341418,0.46205439725030134,0.26381114916876514,0.12784189232733825,9.0,7252.0,21828.0,180.20671875,165.13460543815575,32.72709196651195,1,1
cast_def_0_9507.jpeg,0.09723967745023535,0.17462909462360673,0.6033519553072626,0.8435754189944135,0.9720670391061454,0.04340458466692191,0.0910297999424333,0.2439364857860139,0.4865679607841954,0.7152174499752086,0.9176771855015702,0.27401192326123197,1.23463687150838,1.3072625698324023,1.3966480446927374,0.5701021148891263,1.1768599782706752,0.6067578633815489,0.19472865617408897,0.3372561843633771,0.0024824302879165724,0.029619133983223758,0.008456132396282023,0.15319655406937202,0.1776127862162775,0.23747449557923372,0.08557016549535253,0.07965313987757879,0.18045794604398097,0.045477216050782136,0.4365771102178972,0.19972498413370002,0.09748254707002327,14.0,7408.0,18227.0,166.71703125,163.53410528694081,20.186678774785605,1,425
cast_def_0_9520.jpeg,0.09747772773807922,0.1612037264645916,0.5113636363636364,0.8295454545454546,0.9431818181818182,0.0402595247916722,0.0818817998164179,0.20145431020764898,0.4270837952609607,0.7124312394325656,0.8978302318486884,0.2620872980632639,1.1931818181818181,1.2954545454545456,1.4204545454545454,0.5170842581614336,1.1102780792249758,0.5931938210635422,0.18599757798386418,0.37264325961552036,0.0012711139358087462,0.019274487276638393,0.004106675792612873,0.14346476325502946,0.2054926788726197,0.25494389987533306,0.07069349042997873,0.08339240753868342,0.18725708279351733,0.03010340022977829,0.4754066659083153,0.24496644295302014,0.10394721874644523,12.0,10211.0,21180.0,162.0125,160.89653219958478,19.62977630251006,1,567
cast_def_0_9582.jpeg,0.10600157447714818,0.22711624058559868,0.75,0.9120370370370371,0.9722222222222223,0.039167782779349805,0.08885734693419264,0.25463462745052606,0.416130857532246,0.7649491099249899,0.8872605690013117,0.25587032812781896,1.087962962962963,1.1157407407407407,1.1435185185185186,0.6429260791363128,0.9619120435095438,0.318985964373231,0.09903798704815311,0.22909259701271822,0.0007376076157986332,0.01633109361854161,0.0024087498703424114,0.12932336026369473,0.13888920903108323,0.22357578341996381,0.046526905390298155,0.09488630470109603,0.32251893000795234,0.02480205608122904,0.24719729134196808,0.16619551781587574,0.13480948030311174,6.0,9883.0,15265.0,144.695,135.62859584164056,23.74751295783558,1,571
cast_def_0_9836.jpeg,0.17210033574547895,0.2828028442144855,0.8341708542713567,0.9547738693467337,1.0301507537688441,0.05286528798322426,0.10827984714461748,0.3171034446059281,0.5191289792504598,0.763952357126736,0.8472839300209326,0.3249255623433231,1.135678391959799,1.155778894472362,1.2613065326633166,0.5099846121868368,0.990802900767528,0.4808182885806912,0.12546340669872272,0.32931384086132887,0.0018769636712321314,0.022618772356949524,0.00459720087591638,0.1379296274635148,0.16661452878691022,0.2275614433578608,0.06504087156400037,0.0875916379908328,0.2516355426193164,0.03453341131346654,0.38294518907059727,0.29125319951077433,0.2255986079763961,5.0,14702.0,22876.0,127.4259375,119.53994331844727,25.904077180286283,1,585
cast_def_0_9854.jpeg,0.08989074793005118,0.16303506786723282,0.34615384615384603,0.8384615384615385,0.9076923076923077,0.04206446863969793,0.09161250176476146,0.22860119391118816,0.49300176143093605,0.8456117144396906,1.0222341555370664,0.29951028753369086,1.5461538461538462,1.7692307692307694,1.953846153846154,0.7322277765282971,1.4625766017427515,0.7303488252144544,0.20251054692085824,0.27819895395227234,0.0026970954356846473,0.02295643153526971,0.006141078838174274,0.13979253112033194,0.15827800829875519,0.24050829875518673,0.07069502074688797,0.09155601659751038,0.2320539419087137,0.03532157676348548,0.37555585762277416,0.22843078237567238,0.10723925665572752,12.0,12151.0,23031.0,217.97203125,205.64882238621382,16.886742150475218,1,586
cast_def_0_9872.jpeg,0.12804584347689876,0.2241091028808975,0.7024390243902439,0.9414634146341463,0.9804878048780488,0.04131125727380417,0.08580137405430444,0.22977904089472728,0.4274448658922594,0.7701303998918603,0.9008202418791649,0.2801248213202612,1.1560975609756097,1.1853658536585365,1.224390243902439,0.5842347027034731,1.0527868764954238,0.4685521737919507,0.13330511641781495,0.30167812943785854,0.0009456774162656515,0.017979841509253275,0.0035792094615624027,0.13678804855275445,0.1805046805046805,0.23949579831932774,0.06210347386817975,0.091299767770356,0.24143503555268261,0.025868467044937633,0.3762487735260012,0.23835964677548835,0.1826108286504326,13.0,13577.0,21155.0,151.026875,145.6250089808989,27.463800545124904,1,587
cast_def_0_9877.jpeg,0.14508671795772182,0.21143164075857576,0.6822429906542058,0.8411214953271028,0.9439252336448598,0.06882070325985463,0.1360496505093709,0.39370786220216686,0.6591901202702413,1.1774681012054107,1.058427711795738,0.33614444175668157,1.6635514018691588,2.0654205607476634,2.383177570093458,0.7502028437903291,1.4115831531461431,0.661380309355814,0.1790930583876305,0.2965530411049285,0.004535036219005479,0.030335715248752865,0.009854511135352446,0.15213207986566488,0.17664578915758639,0.23508647210952727,0.0813242305759496,0.0813242305759496,0.17964871854584677,0.04911321656636474,0.5209823312687495,0.31695354116050145,0.21227571889721567,30.0,16090.0,26849.0,223.0365625,219.0364483393009,11.795618733743487,1,589
cast_ok_0_1018.jpeg,0.12688809559289743,0.16029469352263773,0.48484848484848464,0.7878787878787878,0.9292929292929293,0.06765887926166607,0.13365914834362325,0.3779818742816162,0.6478884651852271,1.1101752256880244,1.0985880280969955,0.3794403390495452,1.8585858585858586,2.1717171717171717,2.5555555555555554,0.7768950627075354,1.5983449374339216,0.8214498747263862,0.22340750174469715,0.3036969941826083,0.004536450079239303,0.028288431061806656,0.008082408874801902,0.14477020602218701,0.15576465927099842,0.24253169572107766,0.07000792393026942,0.08672741679873217,0.21473851030110935,0.04455229793977813,0.6385232860862019,0.40907940410760774,0.1833236910616141,9.0,16110.0,21926.0,218.21421875,206.51309431894597,16.646096310234423,0,594
cast_ok_0_1028.jpeg,0.09852266979758299,0.19724724464490706,0.7028301886792452,0.8962264150943395,1.0047169811320753,0.042655927210411775,0.09374437510072192,0.2639413278245043,0.4789473019832504,0.7361305853563245,0.9086962742843697,0.23208412076025464,1.0754716981132075,1.1037735849056602,1.1792452830188678,0.6007240695204,1.0137683003646252,0.41304423084422515,0.12126462008385087,0.2961047482499204,0.002338192675858435,0.029847633266005095,0.005796083252832177,0.14884297883551417,0.1386449459910424,0.23137130060595415,0.07687494511284798,0.09094801088961096,0.22892333362606482,0.04641257574426978,0.31647763398076173,0.1514961954180938,0.1065180384355067,7.0,12668.0,14215.0,160.45765625,154.5554056495814,21.210371614404536,0,596
cast_ok_0_1074.jpeg,0.0843849613129017,0.16701274452915285,0.3951612903225806,0.8387096774193549,0.9032258064516129,0.03880719562094293,0.08874431735644966,0.2278225806451612,0.4654385717151172,0.724710754494164,0.9690519139346104,0.27107980428680395,1.314516129032258,1.75,2.0241935483870965,0.6878470624456761,1.2817296801297462,0.5938826176840701,0.16306489443855504,0.2734256952998537,0.0012007769733356878,0.014821354994408146,0.003661192536347048,0.12742362705279886,0.14288068750367885,0.2276414150332568,0.04947907469539114,0.09047030431455648,0.32090175996232856,0.021519806933898405,0.3104806415868523,0.18572886153441068,0.11412083511612854,16.0,11947.0,16634.0,212.49109375,200.35609019698921,20.087753695923276,0,597
cast_ok_0_1102.jpeg,0.10434607326014313,0.21209030386123645,0.7454545454545455,0.9454545454545455,1.103030303030303,0.045256734415919035,0.09586654822633467,0.2791211775775319,0.4851713164824009,0.7330734575844879,0.9499564101830391,0.28347584596823805,1.2606060606060605,1.3327878787879,1.503030303030303,0.6376290387612484,1.1842002022767262,0.5465711635154777,0.18214302175493818,0.30168613926479093,0.001641039474867368,0.02578455174894344,0.006125798039744627,0.14725519287833827,0.1786485028324791,0.2412777627911159,0.07584749572880137,0.08560381260677996,0.19681233702005216,0.0410035068788778,0.3418738852166614,0.1466163046899591,0.10802644003777148,9.0,12129.0,13649.0,158.264375,156.3092597487674,25.701360706868346,0,602
cast_ok_0_1144.jpeg,0.09903546589319269,0.19653267256879678,0.7014218009478672,0.8909952606635071,1.0,0.04166108224870482,0.09144237774558503,0.253298027671685,0.4664364188268953,0.7358726123494362,0.907607899599078,0.23085405978818277,1.0758293838862558,1.099526066350711,1.175355450236967,0.6036191170897202,1.0136611123192225,0.41004199522950235,0.1199759125088286,0.29288326944335796,0.0025056547851181653,0.02940488261446065,0.006152016223383511,0.14738514936432415,0.1398876842679978,0.23201193354652525,0.07725606426955775,0.0912272833632322,0.22933078543015364,0.04483854613524686,0.3210288577594089,0.15448410811601623,0.10775026516952563,11.0,14343.0,16487.0,159.9171875,151.5882589013388,22.677280123869043,0,596
cast_ok_0_119.jpeg,0.09212883461423813,0.1674079170195414,0.5526315789473684,0.8289473684210527,0.9605263157894737,0.03987326534062264,0.07235346074044034,0.19500642531296866,0.346649544042955,0.7541795476981623,0.9991442184320689,0.2654031277063813,1.342105263157895,1.4671052631578947,1.651315789473684,0.6835652644909611,1.2606786595006132,0.5771133950096521,0.17744702775785887,0.303075667659083,0.001406544412303283,0.023951062869881374,0.007032722061516414,0.14797908760383216,0.22252594145590615,0.24729970011411587,0.07850110135081341,0.0757278203869324,0.15984183010005043,0.035734189644648494,0.4012065993597636,0.17642206353114998,0.09974144299433638,12.0,11330.0,13919.0,192.31609375,190.48697045337866,22.6090667727693,0,605
cast_ok_0_1192.jpeg,0.13494034576044914,0.16187739189401676,0.5409836065573771,0.7459016393442623,0.8688524590163935,0.062309622395337806,0.11724437329337012,0.32915092392151213,0.5905919724566651,1.0686136494004885,1.0811654688367351,0.3103685245434292,1.6311475409836065,1.9590163934426228,2.0901639344262293,0.9077003494243309,1.4543555133687545,0.5466551639444236,0.16655519770371485,0.1613428808553451,0.005958416262971447,0.041045476735889444,0.017649930526869202,0.15146394281923217,0.1756481029454104,0.21179916632243043,0.09954060109905241,0.07543154706022256,0.15991337764592486,0.061549438581997074,0.6578472569812244,0.40403217357901966,0.18810601915980862,17.0,16615.0,33579.0,235.51984375,226.78087023193407,17.1781127643953,0,606
cast_ok_0_1265.jpeg,0.13680705954660866,0.16107114160139624,0.5245901639344263,0.7459016393442623,0.8688524590163935,0.060232993664091024,0.11246352666663556,0.3098601885829982,0.576763272129388,1.0511416254448356,1.0815465284230688,0.31120044964901267,1.6393442622950818,1.9426229508196722,2.0901639344262293,0.901247283944629,1.433983927627066,0.532736643682437,0.16155322526187602,0.16761832952510503,0.0053331890956295975,0.03829511034184336,0.01677845088706188,0.15300735612289051,0.18144742535698832,0.21556685417568153,0.09732799653829512,0.07278234530506274,0.16158589355257463,0.05787537862397231,0.672190653374047,0.41813107925016685,0.18927827546460133,16.0,18775.0,39831.0,234.14640625,225.384211834908,16.797957518416673,0,609
cast_ok_0_1290.jpeg,0.08000676412524795,0.15615584002059107,0.34328358208955234,0.8059701492537313,0.9029850746268657,0.03902976318763716,0.09357915553011124,0.22429222109902427,0.5037608396472009,0.9274264803015092,0.9847204647283362,0.24429409508577177,1.3358208955223878,1.5746268656716416,1.9029850746268655,0.7526917332082941,1.2235316577751625,0.4708399245668684,0.12329795821674949,0.22423690973948285,0.0026186203730751575,0.023588448858657095,0.0049972874848725115,0.13725326545090347,0.1277698952551851,0.22140383090598006,0.06334766097734007,0.096617702291032,0.28617034595000623,0.036232942452948294,0.31704221501933066,0.17430780645917132,0.09649705158745656,11.0,9553.0,17394.0,224.24171875,214.627953125419,11.774746940527,0,610
cast_ok_0_1362.jpeg,0.07896978441501251,0.15033987634990692,0.30281690140845063,0.8098591549295775,0.9154929577464789,0.03632529818289471,0.08180509302368609,0.1924594523361489,0.4455059742725991,0.7678256726876008,1.016066012819225,0.267256137118812,1.4577464788732395,1.6549295774647885,1.7957746478873238,0.7787780251005463,1.368300576808452,0.5895225517079057,0.16634188143852616,0.22707177469927342,0.0027350722634882246,0.023857507533444657,0.006372238536688355,0.13702232202836798,0.1368879676013896,0.2175198172779793,0.06153432755609297,0.09324197232298805,0.28312316462256004,0.037705610257000824,0.3633383761976803,0.17535660255024854,0.06854693465888624,22.0,9575.0,18820.0,217.84484375,203.8622211712777,15.47532064910673,0,612
cast_ok_0_1445.jpeg,0.07557061914186114,0.15919451854519912,0.3870967741935484,0.814516129032258,0.9032258064516129,0.0412489030645275,0.09237671362399119,0.23859036560616742,0.4841114820206123,0.8070260051230377,1.017625316871105,0.2800156707918587,1.4596774193548387,1.6935483870967742,2.056451612903226,0.8147708527165046,1.2726971891358185,0.4579263364193139,0.11822512858126984,0.19005353789509416,0.0012784027746898484,0.013873449241851571,0.0030792832051225044,0.13357641513628885,0.14482635955355952,0.22372048557072347,0.04556672150829294,0.09821468273378096,0.31578771844012626,0.020076481835564052,0.25979445655559014,0.16846257655974256,0.09659503789058445,7.0,6587.0,16050.0,206.53078125,197.36727366593138,14.936286833720859,0,615
cast_ok_0_1491.jpeg,0.07981038251966785,0.1565326206634009,0.32835820895522394,0.8134328358208955,0.9029850746268657,0.039927849644052195,0.09619941204781012,0.23145571949944316,0.5189895110508862,1.0158200896045504,0.9844683623859647,0.24429669179353863,1.3283582089552237,1.5746268656716416,1.9029850746268655,0.7514851809892316,1.2254447068560534,0.4739595258668219,0.12452066435420817,0.22489797112664567,0.0027993959809501684,0.02362643744918109,0.005714949471483331,0.13736787083284935,0.12637937042629807,0.2215704495295621,0.061784179347194795,0.09735160878150773,0.28640957137878964,0.03699616680218376,0.3130334012043495,0.1739375297838236,0.09628297881557857,9.0,8657.0,15781.0,225.72734375,216.08809387459615,12.024080533940605,0,610
cast_ok_0_1568.jpeg,0.13421011879078198,0.2307670986482508,0.7426900584795323,0.9239766081871345,0.9649122807017544,0.04783558434842015,0.09439988494288404,0.27028166472623416,0.46980055204327964,0.760522043916226,0.9294892265402103,0.34597773222213013,1.327485380116959,1.3625730994152048,1.4444444444444446,0.5370720892002007,1.2191576067879104,0.6820855175877097,0.21666130424631969,0.37597534117075915,0.0027166286862518384,0.02936653158361491,0.008318272134349637,0.143296550330598,0.18919859453755572,0.23484244676193577,0.08528193441923643,0.0799721601688351,0.1822161852695861,0.04479069610803651,0.40070420321292716,0.2317687866117556,0.16744736814528383,9.0,12239.0,21840.0,177.21015625,168.15462908592679,35.151447067763506,0,618
cast_ok_0_1573.jpeg,0.0751412545066982,0.1616395231082166,0.3951612903225806,0.814516129032258,0.8951612903225806,0.03877754967614681,0.08825456647502886,0.22453921297240423,0.4693063382499638,0.7855170929253134,1.016962211179676,0.28281611548292257,1.4596774193548387,1.6935483870967742,2.0483870967741935,0.8142327994394865,1.2608155498624924,0.446582750423006,0.11371663075966668,0.18902818220260964,0.000955164032872774,0.013684379758088158,0.002619608288175826,0.13193557844166406,0.1419979005305416,0.22258159086825358,0.04302020975780445,0.09994231187524234,0.32285490018063,0.02040835626672719,0.24204302316290385,0.16744053907685752,0.10086383692747498,7.0,7289.0,18676.0,203.680625,197.69903905492373,15.490457086082309,0,615
cast_ok_0_1588.jpeg,0.08775972156086057,0.18100620577100843,0.652542372881356,0.847457627118644,0.8983050847457628,0.038907143108900165,0.08865136283627943,0.21611208017584665,0.4644027193737313,0.8852206052535871,1.0029648548811223,0.3097731745772248,1.5508474576271185,1.7542372881355932,2.1271186440677963,0.7341691992623309,1.1891720365482912,0.45500283728596025,0.13178324138897177,0.2538947319463537,0.0008300544386352611,0.014477443001131893,0.0033309976823155283,0.13174149733196788,0.14517328733897483,0.235843259850159,0.04770118040209131,0.09341885409367758,0.3053414542122568,0.022141971648789952,0.30982707888266353,0.18542665967995486,0.10742069410294651,15.0,13256.0,18043.0,211.0478125,202.41619632823156,15.53809543219921,0,620
cast_ok_0_1589.jpeg,0.11230077377951683,0.21482768647513403,0.7323232323232323,0.9242424242424242,1.0151515151515151,0.04081146107541028,0.09143725461636959,0.2384525774032181,0.48711152194893886,0.7546344416310905,0.8745545233160759,0.2596310899428583,1.0909090909090908,1.1161616161616161,1.202020202020202,0.5995672144546957,1.0031497648525898,0.40358255039789404,0.13199336748115684,0.2631715252750817,0.002580557536246647,0.028736998177764195,0.00623634737926273,0.14623159372064332,0.15390535692053467,0.22885470781976844,0.08016705714576755,0.08896132559166073,0.2193813452853893,0.044944710422962435,0.3642989173488249,0.18452601003432798,0.12304198574069183,9.0,7311.0,17187.0,149.96609375,147.00338821716318,17.531387000105322,0,621
cast_ok_0_1604.jpeg,0.08881558210808838,0.16943813458398432,0.5433526011560692,0.8670520231213873,0.9653179190751445,0.04036450622361082,0.0821986069596643,0.21779139480300613,0.4288102822210982,0.7576693090769903,0.9360464264469349,0.30182028861197585,1.2947976878612717,1.3583815028901733,1.4335260115606936,0.5306993750654321,1.2309344218245486,0.7002350467591165,0.22563883256612421,0.3970950117561318,0.0018364234356681157,0.02650882417023749,0.006360042746127429,0.14930018779245302,0.18285382276957554,0.2394820663394997,0.07947459614247326,0.08272205679424795,0.19183880974860712,0.03962317006111036,0.37975003156167153,0.15518631097472152,0.09431598574383576,19.0,12603.0,15285.0,164.873125,158.30359270774835,26.29886012354506,0,623
cast_ok_0_1644.jpeg,0.1330092656293689,0.16783516731075626,0.547008547008547,0.7948717948717949,0.8974358974358975,0.0530238345872005,0.1038338857794131,0.2831257054667812,0.5555571992049667,1.0288455991336116,1.03868763810609,0.32176816299432814,1.623931623931624,1.8547008547008548,2.1794871794871797,0.7256807806103097,1.4576335988580615,0.7319528182477518,0.1953619132488382,0.28886886657985145,0.0035477873483208636,0.03363661675813072,0.012843888374933759,0.15417156919981678,0.17542236632925262,0.2299954193125376,0.09274544850319301,0.07928182005981839,0.17115603977114527,0.047199044342850986,0.652741160213969,0.43146463661718704,0.18350980408779172,8.0,32467.0,50026.0,219.79859375,212.07154304029305,7.923880597922824,0,625
cast_ok_0_1756.jpeg,0.08347812289130364,0.16677280456957994,0.3951612903225806,0.8387096774193549,0.8951612903225806,0.038144439545440084,0.08802329864184884,0.22255270247181932,0.4643495759273581,0.8057582704997001,0.9708662429370576,0.27131605236603573,1.3225806451612905,1.75,2.0241935483870965,0.6892508644856071,1.2821592903419547,0.5929084258563476,0.16263319574631382,0.273732776689959,0.0009014257917706421,0.014466784658172744,0.0033308782305671285,0.12854111930700143,0.14478876955379424,0.22256422658766367,0.04772060197654095,0.09193443776314487,0.32354590126089683,0.022205854870447524,0.29965392949198494,0.18252395280296574,0.11312500641822158,17.0,12797.0,17427.0,212.0065625,200.69923169267707,20.75897484522272,0,630
cast_ok_0_1761.jpeg,0.1357719776744039,0.1596907334061839,0.5128205128205128,0.7692307692307692,0.8888888888888888,0.05974461047791179,0.1126678924012854,0.3288210905298041,0.5641058825314792,1.0880790035150374,1.0379117831163027,0.3036101059949254,1.5726495726495726,1.8205128205128207,2.1794871794871797,0.772432192582021,1.425944740984613,0.6535125484025921,0.17645773433193288,0.25320007364629205,0.005316206333571708,0.039358816941697135,0.015503352988004803,0.1539136183935342,0.17674362122704518,0.22349655256162887,0.10135873598424028,0.0737522431962004,0.15166030251103046,0.05889654986304697,0.6757717188653511,0.457388105456775,0.20613371038176154,8.0,24080.0,35750.0,230.288125,222.29014362859397,8.248920152469417,0,631
cast_ok_0_1817.jpeg,0.07481253383051663,0.1552506611496744,0.376,0.8,0.896,0.04160201369781799,0.09400856290466936,0.2438360104660508,0.4977695439559388,0.7780025706898402,1.0145892023014775,0.27313102414592627,1.4400000000000002,1.688,2.04,0.8009147018247874,1.3189749023447597,0.5180602005199723,0.14225452981452835,0.20324097624050308,0.0014152460598263108,0.0133912297630535,0.0024016296772810123,0.1327007612308352,0.14178192344805404,0.2179050069690147,0.04330438511847325,0.09943175726385761,0.3271362710410636,0.020531789428540795,0.26617349291313325,0.17199935847316614,0.10092019005232453,7.0,7073.0,16998.0,206.556875,198.4268932481752,15.506774645426887,0,633
cast_ok_0_1853.jpeg,0.08305019166066717,0.16440001484357017,0.39344262295081966,0.8360655737704918,0.9098360655737705,0.03916163221005655,0.09190490094062656,0.22567514092410793,0.4899389147660108,0.8532861686889651,0.9792587219161523,0.26971822263518536,1.3278688524590163,1.7131147540983604,2.0655737704918034,0.7039633740385074,1.2672918763687848,0.5633285023302774,0.1525477816068731,0.26751948642319834,0.0010065915511251096,0.015282873872996287,0.0035609529066683984,0.12732841943479342,0.14260046974272386,0.22791180959184337,0.04677944821465294,0.0902468855191523,0.32352718338366293,0.0217553657823814,0.2970246947302397,0.17985371331451638,0.10833915040415996,17.0,12901.0,17476.0,211.92890625,201.11569561227273,17.035755093448383,0,597
cast_ok_0_196.jpeg,0.11234614447899885,0.21352491023903858,0.7596153846153846,0.9182692307692307,1.028846153846154,0.04148541479471298,0.0903928758372419,0.23579879846600146,0.4745260501328374,0.7616892940177783,0.8958446689484513,0.24863782430921355,1.0865384615384615,1.1153846153846154,1.1875,0.6120974246945595,0.9876562941907865,0.37555886949622697,0.11190199182698074,0.27034255643125893,0.002700801162025374,0.028460543337645538,0.0069903088899480265,0.14512834479471642,0.14922493815392296,0.23020358139851568,0.08010485463334922,0.08874060960940515,0.22388279884705295,0.04456321917341867,0.352093436963934,0.19915711895635232,0.12215421758190559,6.0,11098.0,18374.0,159.2021875,154.93121293435857,17.32201082736499,0,621
cast_ok_0_1963.jpeg,0.1071001262716294,0.21435818185797276,0.7560975609756098,0.9451219512195121,1.0914634146341464,0.04717845235043867,0.09891170662295726,0.28905550349138004,0.4971329908339265,0.7457385003579481,0.9487081862082634,0.2855942258674779,1.2621951219512195,1.3292682926829267,1.4939024390243902,0.6354382736744326,1.1865951499428171,0.5511568762683845,0.1818344986849311,0.30416731312346423,0.0016949571930519128,0.02609244321274806,0.006161231256495274,0.1474612757955164,0.17789627356856536,0.23947147028257534,0.07704013460681942,0.08681397535507497,0.19598406492799525,0.04138417380115801,0.352006169287079,0.1510209249326673,0.11202550585852075,8.0,11004.0,12654.0,157.28453125,155.3483962172175,25.495030849993014,0,602
cast_ok_0_2046.jpeg,0.08976460262516889,0.1733599653659351,0.5263157894736843,0.8596491228070176,0.9590643274853801,0.03815971884094633,0.07306476554372339,0.17951257819750044,0.36624408910014994,0.7545106202825429,0.9308164149293111,0.2834968785738759,1.2923976608187135,1.3391812865497077,1.4385964912280702,0.5472933797581192,1.218294920563819,0.6710015408056997,0.20657850817361187,0.3706834653880333,0.001190676304140752,0.02213257130049868,0.006401636129321454,0.14834425953941838,0.2026250910517174,0.24742253600044825,0.07483050372611644,0.08324928559421751,0.17970807418613774,0.034095366167983414,0.314398754702296,0.17980282786353613,0.10638215073290959,4.0,13307.0,13611.0,178.4165625,173.88496867609842,29.245325332726395,0,642
cast_ok_0_211.jpeg,0.0924902482911113,0.17828370926089535,0.5443786982248521,0.8816568047337278,0.9585798816568047,0.03915144713068151,0.07440269882786442,0.18706409205554514,0.36782102861253047,0.7564207033009736,0.9303508525102383,0.2874135156059713,1.2958579881656804,1.3431952662721893,1.4437869822485208,0.5452769140987065,1.2225799138687061,0.6773029997699996,0.20856042539658468,0.3727396231946162,0.0013957330446919417,0.021591135670948815,0.0061383769618594585,0.1479761870851967,0.2033782436551115,0.2520722363061498,0.07507049876093087,0.08247642920215342,0.17590509015296094,0.03399606915999658,0.3152282792070856,0.19605388021931675,0.1123471109236609,4.0,13816.0,14712.0,176.7471875,172.36238046364628,29.77274765765885,0,642
cast_ok_0_2138.jpeg,0.11009327185655765,0.1535094085852899,0.48484848484848486,0.7878787878787878,0.9191919191919192,0.06588760480125576,0.13291008835402857,0.3662613053735665,0.6587959875459803,1.137233112931398,1.1032527287878624,0.3862640273766308,1.8888888888888886,2.2222222222222223,2.5656565656565657,0.7694549206803426,1.6570809902437382,0.8876260695633956,0.24515950359105004,0.3183681686030405,0.00429734091068547,0.026555812811337964,0.008436820318529433,0.14595172946046447,0.1533712200940153,0.2386164316284291,0.06661755419911597,0.08754297340910686,0.22768890759840033,0.04092120956991511,0.6094730743232368,0.3391540863295458,0.12897930279718028,13.0,14016.0,20510.0,216.13046875,204.37121237712395,16.123761863316183,0,647
cast_ok_0_2162.jpeg,0.13999702036206674,0.16461283020718165,0.5573770491803277,0.7622950819672132,0.8852459016393442,0.05816484344593937,0.1087670771697114,0.29319574322661096,0.5612231314702788,1.0710236578268622,1.0832589933291732,0.31734866878573365,1.6721311475409837,1.9344262295081966,2.0901639344262293,0.8813345849773041,1.4011303646655149,0.5197957796882108,0.1566956658387862,0.18759111746794332,0.005008150519472868,0.03912249346976452,0.016310858848714575,0.15093190879274113,0.17863385509751165,0.216656519433588,0.09705010114500069,0.07464108254610445,0.1630496690692696,0.05859536107783255,0.6842623796107029,0.4385669300038672,0.18985138942599855,20.0,21552.0,46238.0,233.26015625,225.6484177614957,16.01570168822626,0,648
cast_ok_0_222.jpeg,0.09340605146354905,0.1684810278681713,0.5384615384615384,0.7769230769230769,0.8538461538461538,0.04258504425954329,0.09149736152286415,0.24658165948200492,0.4816338379372383,0.7506998706926679,1.052049400127495,0.3350011363374029,1.6615384615384616,1.8769230769230771,1.9615384615384617,0.7449870679629144,1.54269665348569,0.7977095855227757,0.22610081637815238,0.29103504797500424,0.0027165773191616827,0.02409800336731637,0.007282079885965727,0.13910321960893682,0.1650811357978784,0.23729251236920662,0.07332692923471021,0.09135136810139134,0.22233584332682593,0.037412330988606905,0.3873884327889143,0.20741106050496552,0.10439693268737973,20.0,14033.0,20831.0,238.2925,229.63329849843242,15.935031697347874,0,650
cast_ok_0_2235.jpeg,0.07584610602473131,0.15640694986333495,0.38095238095238093,0.8015873015873016,0.8968253968253969,0.04270318895423863,0.09653369590877087,0.25000787339579755,0.5094893442951531,0.809217378977929,1.0091023767587994,0.2716885015783399,1.4285714285714286,1.6984126984126984,2.0238095238095237,0.7885107350853637,1.3390890113334446,0.5505782762480809,0.1563688069791767,0.21090954307939358,0.0014273890774748408,0.013302306612769734,0.0024949321690316546,0.1315596924516307,0.1408437188883158,0.2227326704170615,0.04546054288764409,0.09804603629646512,0.3241852487135506,0.01994746248605597,0.2736686886289755,0.1781002491146933,0.09607113732587107,7.0,7528.0,15798.0,208.0303125,198.10024454881255,16.567294047517972,0,651
cast_ok_0_2288.jpeg,0.13899231110757068,0.16425210561945094,0.5491803278688525,0.7540983606557377,0.8688524590163935,0.05853989308660327,0.1094337288365639,0.29727278818677944,0.5580280369463068,1.1231770293877374,1.0821736833350124,0.31465237772841187,1.6475409836065573,1.9344262295081966,2.0901639344262293,0.8906362927883197,1.4117064497665472,0.5210701569782276,0.15720478284635866,0.17731659297735225,0.005215272754958316,0.039238265636301346,0.016816399558414862,0.1518900605276181,0.1777475351174388,0.2171475884121969,0.09884274239598005,0.0740130952834139,0.1595987666070273,0.05949027370665042,0.6825246534228955,0.4264238244962127,0.18875946834357582,27.0,21561.0,46176.0,232.6971875,223.86543397500844,16.641535583430503,0,648
cast_ok_0_2315.jpeg,0.13711874776222413,0.23349755619998155,0.7529411764705882,0.9235294117647059,0.9647058823529412,0.049086627603836634,0.09651292753742197,0.27831363152774125,0.48203513393169356,0.7580165567756556,0.9269176119851124,0.3481278293580152,1.3294117647058823,1.3647058823529412,1.447058823529412,0.5365321845529915,1.21659213032303,0.6800599457700386,0.21497848163578898,0.37417274170825077,0.002413964603272802,0.02885840096073365,0.008115288038138215,0.1436369591324284,0.18862889236629182,0.23998932518165386,0.08653881145602096,0.07843565389327607,0.17705641884105439,0.04632628552712981,0.4078800266507064,0.23635562883245062,0.17294727451356814,10.0,11583.0,20640.0,176.04484375,168.6462619217511,33.453029219130215,0,618
cast_ok_0_2322.jpeg,0.1240996782363658,0.2349067498047388,0.803680981595092,0.9570552147239264,1.110429447852761,0.05149706878539836,0.10412735627045451,0.302147627016514,0.5166348600983537,0.7566185812672808,0.9462244843123985,0.3061685747877136,1.2822085889570554,1.3537423312883652,1.5153374233128836,0.626209155547944,1.1963914724224682,0.5701823168745243,0.17758075455192435,0.3114344359079788,0.0018089413386165906,0.024746809741210636,0.0065220333977332855,0.1433616775162128,0.19494726997526549,0.23934631997341962,0.07588939615815316,0.08060248821726985,0.19361825184893494,0.03915681183318361,0.380946928493731,0.1803858704986546,0.1378141638518349,7.0,11346.0,15291.0,158.30734375,153.28958826824976,28.73088246481564,0,658
cast_ok_0_2351.jpeg,0.09294986285735109,0.18853007692427962,0.6717171717171717,0.8686868686868687,0.9999999999999999,0.04304339802226375,0.09578890064990048,0.2632668090195464,0.4939265383403647,0.7031604086187974,0.8945905203192687,0.23302495416081997,1.0808080808080809,1.106060606060606,1.1818181818181817,0.6179827240567696,1.01230551649766,0.3943227924408904,0.12952335650864077,0.26541876228367733,0.0027655767040832926,0.029282576866764276,0.00605673812115979,0.14652550962946279,0.14502383902091076,0.23046889664752038,0.07875010949681521,0.0892993455218931,0.22697751248263692,0.04484989550875349,0.3180194332926049,0.13688252749170884,0.10343864548786874,10.0,6584.0,11494.0,148.01328125,145.06082804379926,17.43435842720056,0,659
cast_ok_0_2394.jpeg,0.10555332157918074,0.21067310547835166,0.7454545454545454,0.9393939393939394,1.0969696969696972,0.04781235072599992,0.10076101900383656,0.3000112861706423,0.5003216361507511,0.7232162757093291,0.9508312601541591,0.283493974115382,1.2606060606060605,1.3333333333333333,1.4969696969696968,0.6424348496468445,1.181467764351905,0.5390329147050604,0.180836075703729,0.2985806074861883,0.001806282722513089,0.02575916230366492,0.006321989528795812,0.1506282722513089,0.1768062827225131,0.23975130890052357,0.07577225130890053,0.08679319371727749,0.1969633507853403,0.039397905759162306,0.3665362368152433,0.14973508968064939,0.10785981626403539,7.0,10407.0,11888.0,157.3621875,155.3051824626832,24.647343223377412,0,660
cast_ok_0_2472.jpeg,0.07610920414521868,0.15721853606308603,0.38888888888888895,0.8015873015873016,0.9047619047619048,0.0421812013920226,0.09665478525624624,0.24357451189856283,0.5157795999034258,0.8634805744450421,1.0116542735406975,0.2734252109635023,1.4365079365079365,1.73015873015873,2.0238095238095237,0.7859590463985631,1.3561890985431824,0.5702300521446193,0.16418249341586824,0.2167523358123482,0.0014893245680376985,0.01418348944092152,0.002641224038629356,0.13187503636046308,0.13813485368549655,0.22410844144511025,0.044516842166501834,0.09802780848216883,0.32391645820001164,0.02110652161265926,0.2726473938276292,0.17638444432391387,0.10127461083690405,7.0,6806.0,16140.0,207.71921875,198.3417605618631,18.098791607444856,0,651
cast_ok_0_2482.jpeg,0.10581858778569916,0.21309715218037967,0.7484662576687117,0.9509202453987731,1.0920245398773007,0.046400189092129666,0.09716259659463802,0.2872417258422577,0.4879311424624198,0.7289730636842844,0.9553976208841692,0.28638868443509397,1.2699386503067485,1.343558282208589,1.5153374233128836,0.6534565231506327,1.1784243154125629,0.5249677922619301,0.18117096328204083,0.2913472879736543,0.0019253372138579505,0.02592488946101752,0.005943918956735882,0.14724352157609,0.17842950691218448,0.24107012928863267,0.0753232215816869,0.08512900878714949,0.19771646051379638,0.04129400570884872,0.34410433801168366,0.14707019615629802,0.1097409315595314,10.0,12019.0,13768.0,158.14125,157.31571575742845,24.589138552871827,0,660
cast_ok_0_2514.jpeg,0.0829774524259664,0.17586873785561527,0.608974358974359,0.8141025641025641,0.8974358974358975,0.033144347140202736,0.07869078173498197,0.1777618541520775,0.42807267961795586,0.8288293595974405,0.9906877281965644,0.23592512735302829,1.3397435897435896,1.4487179487179485,1.6346153846153846,0.8475276512459432,1.154758969199777,0.30723131795383385,0.07788564573076931,0.12625730155377257,0.0014694754849817412,0.01574751340622224,0.0028292886203379795,0.12527826821217472,0.12480672010878505,0.22065161368147473,0.04427069054381559,0.09367357905010473,0.347355492438781,0.02391735845332222,0.27571228062986,0.17197184685838396,0.10260324355336085,12.0,7699.0,16589.0,227.76421875,215.83661866422028,16.068468845835262,0,663
cast_ok_0_2525.jpeg,0.12247356977380813,0.15880391830321974,0.48484848484848486,0.7878787878787878,0.9090909090909091,0.06666660202447132,0.1320885814402601,0.367046561526063,0.6501847076097329,1.0674293502684422,1.105409991719454,0.38718384581967036,1.898989898989899,2.2222222222222223,2.5454545454545454,0.7691237304573141,1.6618455026139212,0.8927217721566071,0.24677090658442336,0.3197715642836697,0.003437204910292729,0.0286685552407932,0.007667610953729934,0.1446081208687441,0.15609065155807367,0.2380169971671388,0.06874409820585457,0.08878186968838526,0.22113314447592067,0.042851746931067046,0.6374235672090373,0.3876912978892459,0.16535392268628873,11.0,16388.0,21918.0,217.81890625,205.80473855160284,16.385077264042497,0,664
cast_ok_0_2605.jpeg,0.09241518987214709,0.1907659658472905,0.6315789473684211,0.8771929824561403,0.9824561403508772,0.0405857387872026,0.08118302855706892,0.2149321707786782,0.40173384282473223,0.7267714290606324,0.9420642825648281,0.2820418249278401,1.2690058479532165,1.3508771929824563,1.4795321637426901,0.585064650907291,1.1772047318652323,0.5921400809579414,0.18663149699459908,0.3450147257169388,0.000828138299095949,0.020231878723746866,0.0035425916127993376,0.13984035333900763,0.19284120448114836,0.23758367647397116,0.06423822778403994,0.0897379862437027,0.22301074279404662,0.02814520024844149,0.2728618632794061,0.14539973393983607,0.1160043771188259,5.0,9114.0,13354.0,187.27046875,184.5275522998746,23.926266478622853,0,668
cast_ok_0_2614.jpeg,0.10224541425314457,0.17981724372973115,0.6376811594202898,0.8043478260869565,0.8695652173913043,0.04471823215055545,0.09974506999610193,0.23700609960145366,0.5362234379674241,1.099092874136547,0.9783598296366559,0.34144956745686605,1.4710144927536233,1.7246376811594204,1.847826086956522,0.6761638615184161,1.1559812543389427,0.4798173928205266,0.16091115287322053,0.2922761116321989,0.0027945920866647243,0.023090451990202744,0.0073695227613591,0.13292115797537737,0.14634383193603728,0.21927297446023372,0.060876789779777514,0.08693447275002968,0.28553393972744634,0.03486226653287153,0.3899966716088233,0.26253946160751207,0.15168386335441314,15.0,6630.0,25641.0,218.2925,207.66212931453572,13.733910898874338,0,620
cast_ok_0_2622.jpeg,0.10395850575667236,0.19486268674924395,0.6379310344827587,0.8850574712643678,0.9885057471264367,0.04573984620840952,0.08977447137583122,0.24572221149464407,0.4696590383927724,0.7542350810836919,0.9295833424815152,0.30826938068358367,1.2988505747126435,1.3735632183908046,1.4482758620689655,0.5391185334504395,1.2488585570627393,0.7097400236122998,0.2151777469811079,0.3799756327597046,0.0019782986631496913,0.027935975061447155,0.007493555542233679,0.14841736106948025,0.1943978178766261,0.24400515556621305,0.07994125052454888,0.08265391763083747,0.17289131347041545,0.040285354595048256,0.37318329042438336,0.17643883398388838,0.12534950031835673,14.0,7501.0,12386.0,183.29484375,178.60225420442345,25.90735936938108,0,669
cast_ok_0_2643.jpeg,0.12109852886497183,0.16656587576749696,0.48514851485148536,0.8217821782178217,0.8811881188118812,0.060139103751040354,0.12228867927856833,0.3273041057628976,0.6315149466023786,1.0326885743528216,1.1019961790160686,0.4097741732646389,2.0693069306930694,2.1881188118811883,2.5247524752475248,0.7423417569455596,1.741826544792133,0.9994847878465735,0.2855197138175862,0.34199211330149926,0.003979131665045539,0.02704041029268724,0.00762224776726501,0.1414448669201521,0.15223273498983111,0.23436201255637104,0.06771597842426386,0.08589618887611637,0.23701476699973473,0.04269166150853303,0.5495822856679374,0.34641901208532727,0.154481304242031,16.0,11822.0,20929.0,217.3915625,205.41220087177868,16.76139378624073,0,670
cast_ok_0_2695.jpeg,0.11258091283789215,0.152598460932948,0.4747474747474749,0.7878787878787878,0.9090909090909091,0.06626748762828591,0.13156366347799353,0.37194920878498217,0.6414885027486614,1.093714243224462,1.1032569424112468,0.38489297564261377,1.8787878787878787,2.2222222222222223,2.5555555555555554,0.7693621615313115,1.6483432424598439,0.8789810809285323,0.242327059574495,0.3173581183821277,0.003952857168879902,0.027123522232544585,0.007031349618376232,0.14711186403628615,0.1561105342732754,0.23932091006794542,0.06765397016230396,0.08956773594185474,0.2185729639142394,0.043554292584294226,0.6283311362157291,0.3589033323877384,0.12877334089809267,14.0,14286.0,21023.0,217.66484375,206.04154636395324,16.63651464943547,0,664
cast_ok_0_2697.jpeg,0.08913630069120888,0.17151627624775675,0.5246913580246914,0.845679012345679,0.9567901234567902,0.0401272080384326,0.07698594742283472,0.19519896857046895,0.38738024618487027,0.7564090082192882,0.94490843437178,0.2827974571369485,1.3148148148148149,1.3703703703703705,1.5185185185185186,0.569587186176668,1.1795924888696014,0.6100053026929334,0.1903653701749289,0.3609236676092594,0.0014303464616985003,0.021512988701707748,0.00593810500765741,0.14713786228219725,0.2066778397434045,0.24864911723061808,0.07468142283353078,0.0822665934637501,0.1771895859219233,0.0345161383535123,0.30896383996579097,0.17183365849747442,0.10453804420450598,3.0,12456.0,12632.0,172.9159375,171.42693294834777,24.576187309444645,0,672
cast_ok_0_2785.jpeg,0.10734321275532725,0.2120591275122528,0.7484662576687116,0.9509202453987731,1.1042944785276074,0.04975278032437485,0.10361987938268866,0.312866142608452,0.5121528960676937,0.7132231669924469,0.9526805063482212,0.2849367240098478,1.2699386503067485,1.3374233128834356,1.49079754601227,0.6524452101474835,1.1761869581276507,0.5237417479801673,0.17961948830576432,0.2908847989794172,0.0019502883937092825,0.02528458995532318,0.0063488111539897925,0.15008921532013778,0.17901157724386904,0.23977481776560577,0.07514834640441512,0.0834612777846937,0.19707595059269403,0.04185512538556233,0.36886012686614983,0.15161145639777024,0.1101813288908823,10.0,9906.0,11443.0,156.01,155.05174168692537,23.689388536635516,0,660
cast_ok_0_2819.jpeg,0.08361269611364518,0.17701808054504045,0.608974358974359,0.8141025641025641,0.8846153846153846,0.03231443203036192,0.07745707014050349,0.17442089783348078,0.4236995828411313,0.8276634655040522,0.9900880357779037,0.23654996747670534,1.3397435897435896,1.4615384615384615,1.6217948717948718,0.8479399745558728,1.1537554388081395,0.3058154642522667,0.07760138908618017,0.12514373053288763,0.0012968591691995947,0.014609929078014184,0.0028267477203647415,0.12742654508611956,0.1258966565349544,0.2183485309017224,0.044782168186423506,0.09422492401215805,0.34799392097264437,0.02259371833839919,0.276307797433756,0.17460709133702831,0.10393098473919976,12.0,8309.0,18208.0,226.48046875,212.9777282540567,15.697822665255533,0,663
cast_ok_0_2967.jpeg,0.08205522721623784,0.16467102226383834,0.3712121212121213,0.8333333333333334,0.8939393939393939,0.03672757325609884,0.08713082811915138,0.20755709383026485,0.4722305803943044,0.9865679191939785,0.9981391988800905,0.2654781575239856,1.3863636363636362,1.6439393939393938,1.9318181818181817,0.7727003185461003,1.1759316592225537,0.4032313406764534,0.10873721177073369,0.21342812745434347,0.00238738282006139,0.02411348825204863,0.00576105892871957,0.13274401541198486,0.13572133066634712,0.22706868104012462,0.06387862140164259,0.09291435840238922,0.27823610202144033,0.037174961055241644,0.29234224079629595,0.17197877468916364,0.09417864636620597,15.0,10770.0,19493.0,220.91140625,212.8930244154364,11.587062224725178,0,680
cast_ok_0_2997.jpeg,0.10392592117841389,0.2115724609191545,0.7469135802469136,0.9506172839506173,1.0925925925925926,0.04442559753057102,0.09353347120867468,0.2762518099315803,0.46834047671534335,0.6895661992948005,0.9545733179197442,0.2843744152564637,1.271604938271605,1.3395061728395061,1.506172839506173,0.6511722022228491,1.1817606255922761,0.530588423369427,0.18082570626949582,0.2936310697052682,0.001874469144480567,0.025305333450487653,0.006384910523386932,0.1483954739380449,0.1804957580372746,0.23881908443897723,0.07677513204268323,0.08654775503031369,0.19627254000331937,0.039129543391031835,0.3259780807368681,0.14135818859355972,0.10797571851051557,8.0,13436.0,14970.0,155.91,151.9087750064952,25.064992648881407,0,660
cast_ok_0_3025.jpeg,0.10533627203691914,0.21089811520680699,0.7454545454545455,0.9393939393939393,1.0787878787878789,0.04590520645388997,0.09723663149205404,0.2812228968677361,0.49215341924380435,0.7542502769353928,0.9469862171041145,0.2829106937301409,1.2545454545454544,1.3272727272727272,1.490909090909091,0.6383288390237437,1.179464622229752,0.5411357832060083,0.18059605496599218,0.2990337594878456,0.001831719675523943,0.02503746699336299,0.005518947593786426,0.14784594523871827,0.17500059471418036,0.2417156314675167,0.07657539786378667,0.08592430477912315,0.201298855769917,0.039251135904084494,0.3603182341990958,0.14802544100700293,0.10812427976243241,10.0,11380.0,12996.0,157.60515625,155.35592182423946,25.485928497708695,0,602
cast_ok_0_3181.jpeg,0.11073958944014979,0.21089297467197043,0.748792270531401,0.9178743961352657,1.0144927536231885,0.04068411728052076,0.08880347031324719,0.2279859292840644,0.46621259236501367,0.7638351836155505,0.8961614465920679,0.2459782016142209,1.0869565217391304,1.1111111111111112,1.1884057971014492,0.615466850255606,0.9869028770053524,0.3714360267497464,0.11080877012095214,0.26782246920182873,0.0023969004465458368,0.029364766657910865,0.00591016548463357,0.14489755713159969,0.14980080553366606,0.22993827160493827,0.07745600210139217,0.0880942999737326,0.22660012258121004,0.045541108484370894,0.34911448320994726,0.1990163196858767,0.12086383901182052,5.0,11859.0,19062.0,158.15046875,153.44203293707056,17.370840874323523,0,621
cast_ok_0_3246.jpeg,0.07541911713663847,0.15736310231245915,0.37795275590551186,0.8110236220472441,0.905511811023622,0.03873691815266093,0.0892453079215469,0.22047639544987277,0.4775704127340377,0.7836648539147373,1.0074318108127345,0.2726590557339864,1.425196850393701,1.7322834645669292,2.0078740157480315,0.7785676317981179,1.3644327909817016,0.5858651591835836,0.1704583498227186,0.22012179958186462,0.001121142970532791,0.013245361643020141,0.0025399345173132254,0.13191784899295564,0.13562853457684293,0.22195654330786785,0.042533981545788274,0.09985117571187618,0.332126202996329,0.019079273737473954,0.26617193021612173,0.17825391511364058,0.10095599449466205,9.0,8167.0,19032.0,205.7396875,196.18716436850983,20.39081020120456,0,651
cast_ok_0_3304.jpeg,0.10050164336305589,0.17687810714646093,0.618705035971223,0.7985611510791366,0.8705035971223022,0.04439600081924068,0.0986332147607721,0.23552362230377677,0.5309039344588546,1.0861433207850897,0.9753030176315325,0.33564587640316584,1.4532374100719425,1.7044604316546639,1.8345323741007196,0.6712094512293253,1.1636918995457732,0.49248244831644794,0.16159564422148448,0.2952083226333574,0.002825893558009315,0.022293160290962375,0.007378722068135434,0.13273326704694124,0.14728138573447067,0.22110000523313622,0.06115442984980899,0.08628394997121776,0.28311266942278507,0.03583651682453294,0.38930946341654504,0.2612894064186311,0.15061356001919518,14.0,7574.0,26293.0,218.1528125,207.81675099866845,13.260485702084047,0,689
cast_ok_0_3336.jpeg,0.14180245646304576,0.17167707524041675,0.5853658536585366,0.7886178861788617,0.8699186991869918,0.05700882525414369,0.10778931999171397,0.2869095205172237,0.5612309408809855,1.1041300704054693,1.0768866275085829,0.3284960280820599,1.7317073170731707,1.9105691056910568,2.073170731707317,0.8446167618276929,1.3633908606849128,0.5187740988572199,0.1575809252541745,0.2160519503125743,0.0054801074275027456,0.03940458197871022,0.016896997901466797,0.1503223912405267,0.17858191347084343,0.21596407485130859,0.09548869727843078,0.07648229294653633,0.16362035033543912,0.05775859256923529,0.6866598250302285,0.4261154068910859,0.19445827448509911,16.0,30263.0,40764.0,234.3984375,225.92049365719342,19.106030825814845,0,690
cast_ok_0_3337.jpeg,0.0834085625815462,0.17339910799105354,0.4873949579831932,0.8403361344537815,0.8991596638655462,0.038734408572176506,0.0885269578908982,0.21470752684005714,0.46447992735030774,0.8504148744313271,0.9964499506456753,0.29525091800386005,1.4621848739495797,1.7394957983193278,2.1176470588235294,0.7306964782817781,1.1993064985422612,0.46861002026048315,0.1284397284882485,0.25359929916060553,0.0009284373044022532,0.014437721677446275,0.003087836428124348,0.1296369705820989,0.14604631754642186,0.2293344460671813,0.046515752138535364,0.09219695389109117,0.3170665553932819,0.020749008971416648,0.29764136207435177,0.1831458919087785,0.1057286785379569,15.0,13522.0,18465.0,210.66984375,202.74307671565322,13.479870825991563,0,691
cast_ok_0_3338.jpeg,0.0916978649389613,0.1584280000488471,0.4921875,0.765625,0.8828125,0.046404378103662595,0.09948118142651398,0.27854260577817924,0.528874694110838,0.7884918264329457,1.0446375971331356,0.3056448776571022,1.609375,1.8046875,1.9921875,0.7836167024895822,1.4396721839506612,0.6560554814610791,0.18175383412055834,0.24726198571273295,0.0032496416744921663,0.02534226264024119,0.007030593584737805,0.14342905154944893,0.16670785350664755,0.24068353679632284,0.07628626501260317,0.09252211733306974,0.20435674393317846,0.040391933969258144,0.40430374508586797,0.21647469940455663,0.10455893509897235,24.0,11091.0,18132.0,239.87265625,230.44061504796514,15.130959783001055,0,692
cast_ok_0_3371.jpeg,0.09609838662965368,0.18097607408298688,0.5798816568047337,0.9053254437869822,0.9644970414201185,0.04423363344002316,0.08841190869979632,0.23730042392352757,0.4671399953052459,0.7578383742167745,0.9361045021663754,0.30947312817894584,1.3076923076923077,1.3668639053254439,1.455621301775148,0.5297859584801863,1.2396998260823304,0.7099138676021441,0.22458902819516638,0.39848249351175113,0.001784743398813323,0.02671205351866298,0.006701652365080491,0.14742453253906343,0.18892277143465003,0.2396283951492802,0.08078623265489446,0.07920242063210647,0.18842635274094036,0.040410845566508286,0.3840367417066831,0.18162694391823428,0.10695405083924402,14.0,11569.0,15978.0,163.021875,158.03943088577844,26.299030656662364,0,693
cast_ok_0_3440.jpeg,0.13730593173530878,0.16607411480567807,0.5573770491803278,0.7704918032786885,0.8770491803278688,0.06026960086098813,0.11329525171286021,0.30731556693837186,0.5759044750013274,1.137568273199106,1.0847910936191958,0.3190440613863216,1.6885245901639343,1.9344262295081966,2.0901639344262293,0.8777696359343578,1.3951006515036142,0.5173310155692564,0.15610129820423438,0.1925314834960371,0.005819649188281396,0.040049449524164955,0.016537600298563163,0.14900167941780182,0.17771505877962307,0.2175079305840642,0.098117652547117,0.07508397089009143,0.15968464265721216,0.0604823661130808,0.6710118614031464,0.4148773089509562,0.18509659813653118,15.0,19220.0,36951.0,235.0403125,227.1088083457654,16.121059551855133,0,648
cast_ok_0_3465.jpeg,0.1270863031230184,0.15988234919824623,0.4747474747474747,0.7878787878787878,0.9090909090909091,0.06789045993958515,0.1332512392982065,0.38052798319200026,0.6416972233253991,1.0383732755034025,1.1020812948365808,0.38030997458293975,1.8686868686868685,2.1818181818181817,2.5454545454545454,0.7740417678604727,1.6215572107764793,0.8475154429160066,0.2317295865215486,0.3104837873610662,0.0041121868449945104,0.028925042419403135,0.0072462321588980935,0.14572312606048507,0.15809961073959478,0.2443557241241641,0.07156402834614232,0.0872741790597864,0.20838407026649367,0.04431579998003793,0.640623577191353,0.40162814839097416,0.1870003096031616,11.0,14625.0,21386.0,218.5309375,206.8729875330891,16.66705457499779,0,695
cast_ok_0_35.jpeg,0.10288361962974672,0.18491152121879142,0.6199999999999999,0.8866666666666665,0.96,0.03873621674884319,0.06758444194055767,0.1772090728341576,0.31968000366115706,0.7494664769020692,0.9915807074858607,0.28071030170969935,1.3466666666666665,1.4733333333333334,1.6666666666666665,0.666258332807997,1.30536496520374,0.6391066323957431,0.18375066418224703,0.31325107753817816,0.001117911425280607,0.021725874568079676,0.006199326994737912,0.1475981842408365,0.2294315589782967,0.24903453104180312,0.08073804738137717,0.07523882653176449,0.15659793581607534,0.032317803021748456,0.4128253767520287,0.20294024660132784,0.11602908631046475,13.0,11351.0,18703.0,190.709375,185.11599581094617,31.072952341389364,0,697
cast_ok_0_352.jpeg,0.09880950059838321,0.19666110198674533,0.7047619047619047,0.8904761904761905,1.004761904761905,0.042405919143290824,0.0929061702253939,0.2544584025555036,0.47596728349891865,0.7284751336924021,0.9103812290577484,0.23198123810883367,1.0809523809523809,1.1047619047619048,1.1761904761904762,0.6079614206022044,1.0162014967937365,0.40824007619153213,0.11921118026639245,0.290773781361057,0.0025520301660382073,0.02975979667090269,0.00593737630466032,0.14733026395283433,0.13977833795129269,0.23178683777421305,0.07689423137017978,0.09049811462261202,0.22831816003833252,0.047144851148934394,0.3170952835890737,0.1538731501881495,0.10785938505332528,5.0,13572.0,15361.0,159.36671875,151.6611285393077,21.000488842147043,0,699
cast_ok_0_37.jpeg,0.13879059505621802,0.16166220757972125,0.5169491525423728,0.7711864406779662,0.8898305084745762,0.05839780048298812,0.10901781984614964,0.31362874252786876,0.55736850682357,1.112078269143902,1.0419861249941542,0.31125330810546725,1.5932203389830508,1.8644067796610169,2.1610169491525424,0.7420789840281699,1.4086672257773223,0.6665882417491524,0.18771832588970924,0.2874130528939547,0.004404163565741317,0.038801496600026505,0.015302429426337305,0.15257572204834385,0.18280337244747116,0.22532597946762634,0.09773776876102315,0.07547227517866427,0.1522290980640031,0.05534769444076298,0.6827065372019974,0.4764032499832918,0.21140167463886422,7.0,33522.0,49112.0,227.62234375,220.09946668195894,7.570206915724484,0,701
cast_ok_0_3812.jpeg,0.07579684311930633,0.15952575391176552,0.3870967741935483,0.8064516129032258,0.9032258064516129,0.04035570797973696,0.09134039597838153,0.2335013396810084,0.4860765408430654,0.7501110956566789,1.0182580065848548,0.2802755555437958,1.4596774193548387,1.6935483870967742,2.056451612903226,0.8123451883541163,1.2775295772864192,0.46518438893230296,0.1199667705497766,0.19291259128397653,0.0012685774399488444,0.013779019998143545,0.0027124867211914313,0.13254055838034634,0.14165781412762096,0.22443507049371383,0.0441217421796842,0.09972256314524695,0.3203725285945606,0.019389638919543314,0.2586534840833824,0.16761448668063453,0.10338801401936835,6.0,6984.0,17200.0,205.61234375,198.4634702878689,15.354758108466434,0,615
cast_ok_0_3869.jpeg,0.10489974583451002,0.15312912396271156,0.4949494949494949,0.7878787878787878,0.9191919191919192,0.06310894052221087,0.127691569256214,0.3527878098674965,0.6365872106038978,1.0702900846115668,1.1001121066639281,0.38039494755075043,1.8686868686868685,2.1818181818181817,2.5555555555555554,0.7751262534261495,1.6067845218858423,0.8316582684596928,0.22668866247092692,0.30785913168219825,0.0035960214231063503,0.02703902065799541,0.007084927314460597,0.14673297628156082,0.15513389441469014,0.23872991583779649,0.06867635807192043,0.0874062739097169,0.22371843917368017,0.041882172915072687,0.5669443659983056,0.31482632024851737,0.11582886190341711,16.0,8627.0,21538.0,214.57921875,204.0831275657825,16.22883538326527,0,594
cast_ok_0_3870.jpeg,0.09156321136661948,0.16606853612324446,0.5271317829457364,0.7751937984496124,0.8604651162790697,0.04195164040301907,0.09027720375834979,0.2404772484980261,0.4714996390078833,0.7469491058759117,1.0560732676849935,0.33033786799458836,1.6589147286821706,1.8914728682170545,1.9767441860465118,0.7551974058733236,1.5315098402237994,0.7763124343504758,0.21848056252047304,0.28485326915929743,0.0029213333460209917,0.024284178172786875,0.006584894708294874,0.1432309756492116,0.16735338617743056,0.2367421899532777,0.07438456926985698,0.09212191570954144,0.21379021591222677,0.03858634110135219,0.37791512964567386,0.2058164149376111,0.1040112898471762,25.0,14275.0,22320.0,236.799375,228.40689595724507,16.626796086478016,0,650
cast_ok_0_3906.jpeg,0.13646318899286547,0.16149910070197884,0.5409836065573771,0.7459016393442623,0.8688524590163935,0.059276905798586445,0.1108428388154494,0.3004254859093691,0.5651654203655421,1.1379613319496542,1.081278048929058,0.3117314053504236,1.6311475409836065,1.9590163934426228,2.0901639344262293,0.9032925223844835,1.439039151823828,0.5357466294393444,0.1628111583848893,0.16542503206327452,0.005420671885838866,0.03965910217025072,0.01721335843821227,0.1519571895748687,0.1795857694975721,0.21488455058963432,0.0994252304033297,0.07218313348528392,0.15949856307600832,0.06017243087900109,0.6724570366929865,0.4178262888992104,0.18548072457036693,26.0,20913.0,43564.0,233.126875,224.36666361304506,16.886377441258002,0,609
cast_ok_0_3916.jpeg,0.08705036875102082,0.16641986686185106,0.509090909090909,0.8242424242424242,0.9515151515151515,0.039080137545484145,0.0756780039838696,0.18954539398783032,0.3853065629718403,0.7460655909047459,0.9357123304204078,0.27885484441513875,1.2969696969696969,1.3454545454545455,1.4545454545454544,0.5584985571396,1.2060415837914629,0.6475430266518629,0.19859131193655427,0.36435232676624985,0.0013008658888572706,0.022006314619835494,0.0059352006179112975,0.14726885916771684,0.20489992818136238,0.2501592205645216,0.07440681870536743,0.08259143325609442,0.17744623765193707,0.033985121346396197,0.30423529707386326,0.17383438242056462,0.10377797042453482,3.0,13555.0,13670.0,173.27578125,169.9144261870876,26.50327558761871,0,708
cast_ok_0_3966.jpeg,0.09781877747552505,0.17756474810379022,0.5960264900662251,0.8609271523178809,0.9536423841059603,0.038713234192301,0.06849221468562466,0.18364017169918195,0.32410575897588695,0.7533985831053959,0.9987709196111754,0.27497560122142084,1.3576158940397351,1.4768211920529801,1.662251655629139,0.6846117497358281,1.2917607995354135,0.6071490497995854,0.1820355111743745,0.3003379341890553,0.0016444090093681483,0.023731811839744866,0.007312637034084114,0.14713723340641818,0.22431233805062786,0.24659906318517041,0.08149790711580626,0.07295196332469603,0.15788818018736298,0.036924456846721146,0.41044862585160125,0.1842471149835473,0.10508875191175789,16.0,12115.0,15552.0,192.330625,189.89371313841136,22.793891293656436,0,709
cast_ok_0_3973.jpeg,0.10588285803065728,0.21143225851226372,0.7469879518072289,0.9457831325301205,1.108433734939759,0.048185512554064995,0.10098420443650001,0.3037113316234207,0.5024300366872023,0.6882793752036102,0.9520546227435409,0.28406741969552995,1.2650602409638554,1.3373493975903614,1.4698795180722892,0.6495080611750409,1.176079400983423,0.5265713398083821,0.18033751393207834,0.292617943093734,0.0019105459606503447,0.02681090656038464,0.006440184728284937,0.1483773011956728,0.17636490162586196,0.24039982286328843,0.07608021762510281,0.08532928449421143,0.19735560194850382,0.040931232998038844,0.3634909621196975,0.1492396890545801,0.10884265738377769,9.0,10807.0,12309.0,159.51015625,158.5365860565215,24.548102765469455,0,660
cast_ok_0_4031.jpeg,0.1350714233344657,0.2303353188941409,0.7455621301775148,0.9230769230769231,0.9704142011834319,0.04892388917189168,0.09622938840563507,0.2767853865449272,0.4780853626174843,0.7601664974746764,0.9283535195916685,0.34529809286878754,1.3254437869822486,1.3609467455621302,1.455621301775148,0.537806555624842,1.217657022571171,0.6798504669463289,0.21602068859468015,0.3743367185270333,0.002137371395449935,0.02853451190648698,0.008368352412693812,0.14448389122349417,0.19145775974496448,0.23485726706274454,0.0850480606675361,0.0799642563879631,0.18010674781432642,0.04504178138434043,0.41004969754210796,0.24270840360700713,0.16894915559153567,8.0,11675.0,21334.0,174.26296875,166.34936208991493,32.600555248480525,0,618
cast_ok_0_4087.jpeg,0.14280331724813947,0.1801858799150114,0.6178861788617886,0.7967479674796748,0.8699186991869918,0.05657731357393148,0.10765960996349404,0.28342546705108285,0.567042201900035,1.0698589265928926,1.0775345115886963,0.341160181038559,1.7723577235772356,1.9105691056910568,2.073170731707317,0.8237362126320414,1.3575853684559194,0.5338491558238779,0.1621509767663582,0.23535845643631748,0.004896294519203507,0.03947569300560511,0.01673900242088504,0.15044382892412378,0.17772785762578788,0.2181849905127478,0.09638830123661425,0.07535277311290921,0.1626136834529236,0.0581775751891998,0.663140947256868,0.4097273171924676,0.19251854569169316,16.0,19160.0,38922.0,234.2025,224.02315301013556,22.41342037472278,0,714
cast_ok_0_423.jpeg,0.08683081411060886,0.16538824634488336,0.5344827586206896,0.8448275862068966,0.9655172413793103,0.04256117220333029,0.08772925986102563,0.24005004817925515,0.45866290890463646,0.7219866901019508,0.9349392811729318,0.299435845355445,1.2988505747126435,1.35632183908046,1.4310344827586206,0.5347147352112303,1.211731360580149,0.6770166253689187,0.22276612198116874,0.39100433798941514,0.0018598662326978791,0.02607389391609142,0.006366465181158124,0.1484673986909403,0.17829679173074858,0.23930278860712711,0.07794747070114573,0.08271635847729414,0.19650202081619514,0.04246694564660157,0.3895447629413267,0.1495207738696816,0.0904587909952133,18.0,11112.0,12956.0,166.46671875,163.12152092355075,23.18321876499196,0,720
cast_ok_0_4295.jpeg,0.14192788956670274,0.18984205995056325,0.6837606837606838,0.8547008547008547,0.905982905982906,0.05301526828578126,0.10364186041831992,0.2807431292882908,0.5536618339063851,1.1510511415082512,1.0564609609142386,0.38238752179340785,1.7863247863247864,1.8803418803418805,2.170940170940171,0.8246928130177332,1.4942519450361853,0.6695591320184521,0.18787794511711028,0.19655383942106164,0.003220536756126021,0.0323267211201867,0.013694282380396734,0.1491901983663944,0.1833372228704784,0.22772462077012837,0.08947491248541424,0.07934655775962661,0.17555192532088681,0.04613302217036173,0.6406511071635859,0.43931266158960197,0.19486606750268218,9.0,31320.0,49298.0,221.62171875,208.7848915355168,21.754999184416654,0,722
cast_ok_0_4413.jpeg,0.09411369325724403,0.18005625120561608,0.5798816568047338,0.9053254437869822,0.970414201183432,0.04082779260114513,0.08148349528978023,0.21602192110222238,0.4220027980769755,0.7484827036214874,0.9353826219188357,0.31220479167099785,1.319526627218935,1.378698224852071,1.455621301775148,0.5441195408565194,1.2258056499143635,0.6816861090578441,0.22512725788016305,0.3803692092897746,0.0016656978044090685,0.0263493270133703,0.006372132540356839,0.1472856951214059,0.18719536734785136,0.23942449581898673,0.08025533246881009,0.07903680186021554,0.19322094531145195,0.03919420471314224,0.4012586624363363,0.16884445186607663,0.09837605410369876,16.0,10412.0,15533.0,163.98765625,160.02888488999827,21.951618366278787,0,725
cast_ok_0_4432.jpeg,0.08713543679478976,0.16809619969086578,0.5119047619047619,0.8273809523809523,0.9523809523809523,0.03799271541682045,0.0738532122779146,0.18250261118561875,0.3713948550763168,0.7421001298675489,0.9382545076436714,0.2811692290673611,1.3035714285714286,1.351190476190476,1.4583333333333335,0.5586116563430715,1.2076469035415083,0.6490352471984367,0.19889746993521937,0.3662210583547143,0.0012614842671490455,0.021956966725377256,0.005545770457466559,0.14767696482125006,0.2030156614461846,0.2505355357737897,0.07490360356071786,0.0840791164849812,0.1772028371495216,0.03382205931356214,0.30751918045146126,0.17010732183245378,0.10524856978136503,5.0,13059.0,15115.0,177.47765625,171.21205903080048,28.316742800212953,0,708
cast_ok_0_4437.jpeg,0.10663901829667276,0.21217988539623403,0.7499999999999999,0.9512195121951217,1.0975609756097562,0.04856877480132699,0.10152654943552772,0.30547768663058944,0.5044818829412385,0.7029472352786947,0.9523581394876467,0.2853374070573634,1.268292682926829,1.3414634146341464,1.4817073170731705,0.6525878414148024,1.17366938737637,0.5210815459615675,0.1792843438591299,0.28981963135961897,0.0020741840902398115,0.025351138880708807,0.006504231591616199,0.1506472222577878,0.17858468944854872,0.2402212463029589,0.0756693084772672,0.08597621090098972,0.1951781621704672,0.03979360587941564,0.3626435072274106,0.1494616620070192,0.10992802331806555,11.0,10667.0,12295.0,157.46890625,155.33034629263722,24.145850129597758,0,660
cast_ok_0_4561.jpeg,0.07998951054327072,0.1575502920871109,0.32352941176470584,0.8235294117647058,0.9117647058823529,0.03764972863812618,0.09170222283108237,0.21890441850650644,0.4948197532584575,0.9631405712294007,0.9811342821299405,0.24602364677795585,1.3161764705882353,1.6397058823529411,1.875,0.7342158565352458,1.2705002287752378,0.536284372239992,0.1469057441075999,0.23977506714519692,0.002513160480292892,0.022515022080648664,0.005140085426771882,0.1368379683734784,0.12407566371223795,0.21817956169653846,0.061525891758281534,0.097847783144243,0.2963150655179903,0.03504979780951691,0.3134650570684531,0.17375141582040138,0.09654685034415326,13.0,12920.0,17610.0,224.54859375,213.45826471588975,14.471846760971296,0,728
cast_ok_0_4562.jpeg,0.13391108379832053,0.17679589943025767,0.6153846153846154,0.8376068376068376,0.905982905982906,0.05457210647479644,0.1055972901150166,0.28787967577169593,0.5625638814452483,1.0833249042980297,1.0452163084803274,0.3460160212689521,1.683760683760684,1.8803418803418805,2.1794871794871797,0.8233296244503617,1.4829176723451076,0.6595880478947459,0.18492442881002788,0.19761255115660747,0.003490009592424026,0.03483886768577668,0.013439598342755679,0.1512643631242729,0.17976610812906912,0.2295140518807274,0.09556707553523686,0.07624956629997755,0.16610200624528032,0.04976835316447946,0.6406005122128359,0.4229960628416345,0.1818642253736478,8.0,16846.0,43417.0,222.57734375,212.40678635645398,14.243040639417364,0,729
cast_ok_0_4691.jpeg,0.10453991970517654,0.15307402120168478,0.48484848484848464,0.7878787878787878,0.9292929292929293,0.06420188120091802,0.12914056981544697,0.3601443048777201,0.6372533661339499,1.0742419493476272,1.0985432065487877,0.3801922169109505,1.8585858585858586,2.1919191919191916,2.5656565656565657,0.7728001318848603,1.609724746721418,0.8369246148365577,0.22828780992797773,0.30940619789213053,0.0038479735057561897,0.02603690269673553,0.006544709036429585,0.15161646428008202,0.1554959785522788,0.2337486200914682,0.0684592335593755,0.09164169689323451,0.22220469957419967,0.040403721810439996,0.5668730560158135,0.30975843725473096,0.113572279875585,17.0,14795.0,20435.0,214.9340625,204.13327048147957,16.16879049017293,0,594
cast_ok_0_4742.jpeg,0.07864999467810642,0.15000837790400237,0.3028169014084507,0.8098591549295775,0.9014084507042254,0.037726500452893774,0.08407239520473003,0.19916633190721736,0.45130598637075225,0.7830549720600732,1.0130325653609515,0.2653543400448452,1.4507042253521127,1.640845070422535,1.7957746478873238,0.7809862149058944,1.3557096385856515,0.5747234236797572,0.161379162750766,0.22133860992135768,0.002099362497252143,0.02226863046823478,0.0056056276104638385,0.1364036051879534,0.13890965047263135,0.22455484721916905,0.059111892723675535,0.0937458782149923,0.2824247087271928,0.03487579687843482,0.3691268276655167,0.171728684080828,0.06988253655331034,21.0,7293.0,16200.0,219.68,206.01104965761624,15.510924085813137,0,733
cast_ok_0_4823.jpeg,0.07686251405923625,0.14925053896331397,0.30000000000000004,0.8071428571428572,0.8928571428571429,0.03694224340150438,0.08358151991369267,0.19486389808148194,0.4559414985382585,0.7641042007421741,1.0169039840241167,0.26499721153877914,1.457142857142857,1.6357142857142857,1.8214285714285712,0.8115713232617168,1.2920449034574963,0.48047358019577957,0.1319413446067942,0.19302370896308196,0.002282453637660485,0.021721350451735615,0.005820256776034237,0.13691868758915834,0.13938183547313363,0.22225392296718974,0.058849262957679505,0.09450309082263433,0.2836424155967665,0.03462672372800761,0.38326816988913287,0.16497063181761376,0.06871619088425901,18.0,9344.0,17793.0,216.725625,202.84776742288744,14.82275116943799,0,736
cast_ok_0_4943.jpeg,0.0752221325650546,0.15717353590986657,0.38888888888888884,0.8095238095238095,0.8968253968253969,0.04029719866787064,0.0928032531889018,0.23214412899590176,0.4997479838549576,0.760262470258494,1.0114616367455127,0.27340049743087097,1.4285714285714286,1.722222222222222,2.0238095238095237,0.7877226274197058,1.3543003148601258,0.56657768744042,0.1632194416025323,0.2147498257057705,0.001275351499315665,0.013914810667330264,0.0025714404213844303,0.13062502592177844,0.13897183857990128,0.2211024013935548,0.04476172701256688,0.09982995313342458,0.32699805068226123,0.019949400688482437,0.2666589025408102,0.17638152914458743,0.0989926046701217,9.0,7648.0,18006.0,206.33578125,197.18354465118833,19.013717314361692,0,651
cast_ok_0_496.jpeg,0.07889749516070776,0.15387836747999797,0.32167832167832167,0.8181818181818181,0.9230769230769231,0.03433368454862649,0.07755686098112602,0.18245752008724667,0.42459474597517455,0.7559344332205511,1.0086197631253524,0.2662575707881105,1.4405594405594406,1.6433566433566433,1.7832167832167831,0.7683346529415758,1.3218248877495937,0.553490234808018,0.16604024088164668,0.2229498450319345,0.0026163283893953873,0.0218414308548161,0.005438034092634098,0.13410245649126254,0.13726348123476412,0.22100384859227246,0.05872005286233469,0.0927680397181866,0.2915286322763843,0.03471769548794971,0.35464246787153686,0.17337963549719906,0.07215702179074464,21.0,9174.0,19958.0,215.88484375,201.82402971416266,14.421902310392454,0,742
cast_ok_0_4965.jpeg,0.0921970607478117,0.19153553469204315,0.6315789473684211,0.8771929824561404,0.9941520467836257,0.03922441436503205,0.07841441257598661,0.20486624626436672,0.38774065760689597,0.721690798162853,0.9421257843145733,0.2825057677828951,1.2690058479532165,1.3508771929824563,1.4795321637426901,0.5857875114449583,1.1755275136882326,0.5897400022432743,0.18635826270840777,0.34409818743104215,0.0008956041640325367,0.019250221266911113,0.0032768575884013994,0.13968264003034517,0.19104817296750537,0.24069625321363847,0.06278712015846925,0.09089855438951405,0.2242382096345935,0.02722636658658912,0.26211927057663875,0.14564810251355348,0.1161655988171513,6.0,9965.0,14571.0,188.4046875,186.3865459727647,24.174830802829355,0,668
cast_ok_0_5045.jpeg,0.09215628072976148,0.17791362440677694,0.5680473372781065,0.8994082840236688,0.9822485207100592,0.04010751278547075,0.08027960949644077,0.2125992332646827,0.40872775102018016,0.7531460107797471,0.933010486544883,0.30953815611886,1.3136094674556213,1.3727810650887575,1.455621301775148,0.5423521305538881,1.2193835627436924,0.6770314321898043,0.22349195079134468,0.380253154150341,0.001699451926753622,0.025725453541232953,0.006872158728809959,0.1485745846964354,0.18351956494030675,0.24049369078472194,0.08061775077537495,0.08124442367336535,0.18990313124017505,0.04134978969282407,0.38507003079368235,0.16260057613986292,0.09684116419986093,18.0,10810.0,15602.0,163.6628125,159.7981538541208,22.198976731798698,0,725
cast_ok_0_5077.jpeg,0.09225904102098854,0.1771381352734477,0.5411764705882353,0.8764705882352942,0.9647058823529412,0.038884067656551335,0.0739739424158259,0.18385617252335573,0.36543700420428255,0.7580165567756556,0.9323857023725521,0.28687199384481565,1.3,1.3470588235294119,1.4529411764705884,0.5473736590898141,1.223952676842748,0.6765790177529339,0.20833496330937135,0.37222257842790607,0.0012197515632448195,0.022207890530802233,0.006463281271906458,0.14868350951967024,0.20215629644169028,0.249348063819645,0.07530213386422903,0.08276084457280655,0.17762106384768528,0.03423716456832011,0.32166225268733445,0.190618995689879,0.10975229786571117,5.0,13877.0,14516.0,178.3409375,174.6361723978003,30.041692777780955,0,642
cast_ok_0_5181.jpeg,0.08403517483131984,0.1674801982386504,0.41129032258064524,0.8387096774193549,0.9032258064516129,0.038503428097350904,0.08764293051838969,0.22444324978160657,0.45730268724161494,0.710916371782993,0.9699855343894394,0.27200980187426077,1.3225806451612905,1.7580645161290323,2.0241935483870965,0.6890277794134392,1.2824692101811903,0.5934414307677511,0.16315441511776219,0.2734310079368274,0.0013967300085681758,0.01511754832803202,0.003509430861864576,0.12813530675242668,0.14342891348490006,0.2253430204579866,0.04991842627260883,0.09028274979753284,0.3205436683529149,0.022324205683165295,0.3047906615467087,0.182841576684499,0.11324078024658943,17.0,12051.0,16408.0,212.35828125,200.81796095904943,20.61542041793045,0,630
cast_ok_0_5191.jpeg,0.10641483632971507,0.1555620771571244,0.48484848484848486,0.797979797979798,0.9090909090909091,0.0640769257118637,0.1291319159660476,0.36085142845000207,0.6364871312429685,1.094486511756027,1.0992999020051262,0.37907265433921244,1.8585858585858586,2.1717171717171717,2.5757575757575757,0.7770029857045078,1.5873940204069124,0.8103910347024046,0.21897994034667975,0.3052707658690246,0.0035902951317495968,0.02823205643248031,0.006927529813684244,0.14903678866289186,0.15275361401954893,0.23657988802075094,0.06850030050928416,0.08871350393825325,0.22427482364849904,0.04139119982285769,0.5659398320895522,0.31047399720149255,0.12078766324626866,13.0,14894.0,20389.0,215.1415625,204.47372287439578,16.144314926523677,0,749
cast_ok_0_5370.jpeg,0.07866952808565297,0.1494958670810724,0.3049645390070923,0.8085106382978724,0.900709219858156,0.03663084461228252,0.08281191508993728,0.1914975700893703,0.4566275735222297,0.7522182710807541,1.0190133761590592,0.26667694214367643,1.4539007092198581,1.652482269503546,1.8085106382978722,0.7895028831183474,1.3544974493281179,0.5649945662097705,0.15811447497850126,0.21876701506266427,0.002517445032592777,0.021996534923567304,0.005829368915775669,0.13665036230149993,0.1395028285361488,0.2233634214279561,0.06017937992361517,0.09483971628490204,0.2805276105330666,0.03459333212087565,0.3651046017587827,0.16988690973438608,0.06814160086951054,24.0,9597.0,18275.0,217.46875,203.44946370278254,15.014284201620008,0,733
cast_ok_0_5379.jpeg,0.13587354873812485,0.16417308281089754,0.5409836065573771,0.7622950819672132,0.860655737704918,0.05928572356141357,0.11184309465878527,0.30130198685696047,0.5739415401723853,1.0951617995098333,1.0852299108462466,0.3208956044578995,1.7049180327868851,1.9344262295081966,2.0901639344262293,0.8725153239134735,1.3927423459651413,0.5202270220516678,0.15672431743649598,0.1974646660083661,0.005531891353653814,0.040028765835039,0.017425457764009514,0.15106488908557836,0.17626818609282513,0.21367483542623222,0.09788128561155059,0.0744039387066438,0.16377717541627482,0.05994357470819273,0.6670179898116287,0.41212271510792853,0.1846719778459758,17.0,32008.0,38712.0,234.59875,226.7365776186977,16.29447120374633,0,648
cast_ok_0_5465.jpeg,0.11117210486078424,0.214259747903615,0.7326732673267327,0.9257425742574258,1.0148514851485149,0.04119569310810091,0.09216011585435295,0.24194262567181554,0.48875440610528853,0.7569119139800539,0.8793115259259642,0.2590670233392662,1.0940594059405941,1.118811881188119,1.193069306930693,0.6071621221393292,1.008400571824444,0.4012384496851148,0.13091190695807173,0.2605314295787281,0.002446725465751669,0.029500518472777265,0.006477996947418705,0.14495100723531673,0.15347959314450826,0.2311806032925934,0.08061377855969427,0.08733644805368815,0.21891202274289576,0.045101306085355765,0.3286954066060586,0.1787393963092096,0.12068384980503329,9.0,7090.0,16199.0,153.48046875,149.8355775740707,17.863433521436008,0,621
cast_ok_0_5536.jpeg,0.08068571716234633,0.1595672342311233,0.3458646616541352,0.8270676691729324,0.887218045112782,0.0388006231823932,0.09186383742382113,0.2265517196235784,0.4881309680138003,0.9468386751379322,0.9910839509102741,0.25560369412738576,1.3533834586466165,1.6240601503759398,1.9172932330827066,0.7649922566128763,1.1875713182054137,0.42257906159253744,0.11014053348477348,0.21573436650238076,0.003094742002696409,0.022899048085958246,0.005617518486742657,0.13563753727989541,0.1323589492176329,0.2214425787473955,0.06338603587040896,0.09508926747558932,0.28238754749356537,0.03808677534011521,0.3126255380200861,0.1726542324246772,0.09219512195121951,10.0,9711.0,17604.0,223.17671875,214.54650475600832,11.604829980621055,0,752
cast_ok_0_5573.jpeg,0.09975336465850254,0.19902612130265765,0.708133971291866,0.8947368421052633,0.9952153110047848,0.043944633245867164,0.0960920952932554,0.2797854256185688,0.4805637451673492,0.7546368116955265,0.9073752453019601,0.23359225130513273,1.076555023923445,1.1004784688995215,1.167464114832536,0.5949785572976862,1.0130281623631472,0.41804960506546096,0.1227920570310119,0.3016520320752496,0.0028560382135418617,0.0295456529601776,0.005998927426697098,0.14847657175640114,0.13848667390030056,0.23102730073209363,0.07676382185305745,0.09174243274591237,0.22716104812860902,0.047941532283209236,0.31016923594436907,0.15539780306457412,0.11035714699980281,10.0,10875.0,13057.0,157.5184375,152.93945493066255,19.702079610975037,0,596
cast_ok_0_5576.jpeg,0.07672674288266347,0.1638180753121149,0.4146341463414634,0.8130081300813008,0.8943089430894309,0.03892014093385345,0.08841155672775348,0.22417142007121577,0.47086508261574184,0.7875957251286946,1.0235815382529605,0.2874286235774078,1.4715447154471546,1.7073170731707317,2.073170731707317,0.8226132847935055,1.2570619882311957,0.43444870343769026,0.10993547573207124,0.18672450385450046,0.001302108266472627,0.01426574497826628,0.0028627233211420255,0.13107251594125194,0.14127874691228004,0.22382858127644908,0.044405721616912086,0.09904639718131858,0.32145797828542977,0.020479482220477567,0.23787275716762954,0.16484424837599618,0.10537381288241583,7.0,7182.0,18179.0,204.025,195.05642539142613,15.413342421875921,0,754
cast_ok_0_5625.jpeg,0.07860899641810425,0.15615770395756057,0.33834586466165417,0.8120300751879699,0.9172932330827068,0.04038676890856997,0.09651248964152603,0.23978693210571536,0.5168865308567006,1.0048675980971158,0.9921341182423221,0.2500739812393402,1.3458646616541352,1.6165413533834585,1.9097744360902256,0.7622077968032597,1.2095217906289946,0.4473139938257349,0.11565046461924895,0.2209761513037286,0.0026524899543997472,0.023217752494469276,0.0052711183349135405,0.1357623369000858,0.12981398708745315,0.22135310849248274,0.0648900627567836,0.09591855162761298,0.28386157388595423,0.03725901846584496,0.30113983524008175,0.1708172681878516,0.09043886817099636,12.0,11942.0,15900.0,224.98046875,215.4800095653461,12.097937960859818,0,756
cast_ok_0_5680.jpeg,0.11818359829302406,0.21239033535082813,0.7017543859649124,0.9005847953216374,1.0,0.045126364816042576,0.08668358269559946,0.23978391033416255,0.4341619013891088,0.7554335624723061,0.9313098638963482,0.32676208479818614,1.3216374269005848,1.3976608187134505,1.4795321637426901,0.5515268764750761,1.2458845205819422,0.6943576441068661,0.21990633394259643,0.366021699745247,0.0020932940272995267,0.027287140486040577,0.008088289939802314,0.14454876508038744,0.20311145242400971,0.2424629028662026,0.08229494388981098,0.0788391507914881,0.17028761116753785,0.04098644932742091,0.39349910125823845,0.204083513849841,0.13937410701940361,16.0,9264.0,17455.0,185.30109375,179.10415348524816,24.560756481333687,0,758
cast_ok_0_5687.jpeg,0.1046640667392842,0.18909727491343836,0.6442953020134228,0.8724832214765101,0.9597315436241611,0.03973322295876084,0.07056066189263947,0.19225874510914387,0.3282458513288281,0.7523703964530059,0.997434422759588,0.28734235484520265,1.3758389261744965,1.483221476510067,1.6711409395973154,0.6890603061989108,1.3045220319924817,0.615461725793571,0.18613148978722768,0.29419208606111924,0.0015305759236847725,0.022507771528914835,0.007332526518117747,0.1465912057141501,0.2289219524928217,0.2484041669632899,0.07845091478607531,0.07449989321563323,0.15709166844640612,0.03466932441090624,0.4136211890075391,0.20314607238398444,0.11569498795074175,21.0,11105.0,17937.0,191.07859375,189.4997291835927,23.201469880638992,0,759
cast_ok_0_5818.jpeg,0.13403141421593434,0.15990246098700045,0.5126050420168067,0.773109243697479,0.8907563025210083,0.060317865116499315,0.1121681663392258,0.3313528733770884,0.5656409122483526,1.0514490759138868,1.0355969774712472,0.3122093742815472,1.5882352941176472,1.8487394957983194,2.134453781512605,0.7258748694121715,1.3972357519416205,0.671360882529449,0.1919215776694356,0.29676307140293123,0.0048757123206916875,0.040504028296325406,0.015597366869719001,0.1503119473373944,0.18038907447435645,0.22005796816663392,0.09756337197877775,0.07621831401061112,0.15553153861269406,0.05895067793279623,0.6781330712440858,0.45688098557747253,0.20164110534616353,11.0,25639.0,39199.0,229.41046875,221.4710580810571,8.012780415674857,0,701
cast_ok_0_5853.jpeg,0.14162805740880755,0.16132308568761314,0.5128205128205128,0.7692307692307694,0.8974358974358975,0.054945731528960026,0.10339484192492869,0.28846786888435977,0.5391935547629033,1.0959934738817738,1.0377080895620538,0.3041272465233817,1.5726495726495726,1.8376068376068377,2.1794871794871797,0.780680463332616,1.428247294796059,0.647566831463443,0.1743263709490859,0.244828974207408,0.004224696913597828,0.039541264371089783,0.015911442757730244,0.15306694008525343,0.18058917907968064,0.224459571074592,0.10106994009474714,0.0735097262966022,0.15128212431051996,0.05634511501618676,0.6977338953296679,0.4895427690498044,0.21565866742708453,12.0,37133.0,53984.0,226.87421875,220.36551675534727,9.196912260841259,0,631
cast_ok_0_6287.jpeg,0.09037647949519731,0.17697464133322485,0.5460122699386505,0.8650306748466258,0.9631901840490797,0.037261750175581095,0.0713948636774449,0.17717877444856805,0.3596257191692368,0.7532236540430064,0.9472453682507707,0.287466739866315,1.325153374233129,1.3803680981595092,1.4969325153374236,0.5700314966013452,1.1783577494735347,0.6083262528721894,0.1899739891632543,0.3610685480125243,0.0014995636515604065,0.022665535848175326,0.005924505574197672,0.1465516181766781,0.20283442113155598,0.2500583846503681,0.0748675590299544,0.0822547537396905,0.17944368646828177,0.033899971729537716,0.30952135872362324,0.17040086921713274,0.1054040144107051,5.0,12520.0,14511.0,176.60421875,172.7550873667829,25.79994475907444,0,771
cast_ok_0_6424.jpeg,0.13849358586762286,0.1605592654976125,0.5128205128205128,0.7692307692307692,0.8888888888888888,0.05709434515240762,0.10819053513067847,0.3101530872667421,0.555756866879433,1.1010992886699125,1.03753349519371,0.30299515712884056,1.5726495726495726,1.8461538461538463,2.170940170940171,0.7807953953021102,1.429967752282732,0.6491723569806219,0.17456808618399808,0.2448083023990416,0.0040490460721965505,0.03916365466440957,0.015715788992084916,0.15316603376492657,0.17704854280093335,0.22561421970078235,0.09943038843391133,0.0733403486297296,0.1547787894038523,0.057693187537173445,0.6932072814187242,0.4674448878550545,0.20951151326319384,9.0,29072.0,43012.0,229.0203125,221.34128756318393,8.919996767336539,0,631
cast_ok_0_6482.jpeg,0.1399969594803114,0.16138752711025672,0.5213675213675213,0.7692307692307692,0.8888888888888888,0.056241114791612964,0.10631339388521402,0.30292182725630734,0.5491512852863359,1.0641390341465948,1.03778943448405,0.30429772576190683,1.5726495726495726,1.8376068376068377,2.1794871794871797,0.7779907915825199,1.4261200747738056,0.6481292831912857,0.17452951633583025,0.24762521439051954,0.004525542909810176,0.03797520789536365,0.015906713751644003,0.1538891708004101,0.17915764837463624,0.22488945041061276,0.09959301181612004,0.07526692418421134,0.15252218758737818,0.05627414226981349,0.6917365385547424,0.47866039839092717,0.21130228275093296,8.0,33195.0,48527.0,227.75015625,220.71661116768033,8.573088592794445,0,631
cast_ok_0_6537.jpeg,0.09125795308476749,0.16656374345477418,0.5286624203821657,0.821656050955414,0.9426751592356688,0.03961069060148485,0.0739206749595494,0.18329401963728242,0.3967751547492804,0.7437396774801859,0.9553846963634146,0.3000407937956564,1.3312101910828025,1.4267515923566878,1.5859872611464967,0.5317085662949521,1.2568505655211915,0.7251419992262393,0.22427018367214815,0.4130815112328904,0.001712350169360181,0.023985401277388227,0.007349356931268514,0.1516867274113515,0.21260639694026773,0.24804079643031235,0.08161785843738673,0.0790805804492107,0.15847363355706376,0.035446898396390314,0.40164115438706605,0.17960877296976882,0.10443181421946372,15.0,8697.0,14871.0,193.1359375,189.05658220796434,28.797019591336266,0,778
cast_ok_0_6567.jpeg,0.10514979524743026,0.20622440016801497,0.7149758454106281,0.9178743961352657,1.0144927536231885,0.04111685162027807,0.09187771836221194,0.24367359931252905,0.4869977955177379,0.7695852701397399,0.8818764572448761,0.2492472003719992,1.0869565217391304,1.1111111111111112,1.1739130434782608,0.6187097231788148,1.005587761735952,0.3868780385571373,0.1277060741079871,0.25081745969524405,0.0027905678805636948,0.030062026713345257,0.006887628905209483,0.14512221418876922,0.15154052031406573,0.2310209673123026,0.07930286540583736,0.08894300899323922,0.2196557453987341,0.04467445488793333,0.33023261297586626,0.1701387660783551,0.11306428984071965,8.0,6553.0,14125.0,156.08515625,153.73515556683873,17.707525236464036,0,621
cast_ok_0_661.jpeg,0.08421788878726309,0.16736314700848903,0.4032258064516129,0.8387096774193549,0.9112903225806451,0.038300248059744794,0.08715681146656859,0.2239355820345321,0.45523800676261217,0.7070521686910948,0.9705977727161726,0.2721536615048107,1.3225806451612905,1.7580645161290323,2.0161290322580645,0.6890500243629226,1.285655212541427,0.5966051881785043,0.16391476285678594,0.27400054966815024,0.0010507961801826768,0.015380884747289292,0.003383332755972795,0.129236382951698,0.14352028267571967,0.22429302202053095,0.048879343194651335,0.09404048452096396,0.3180794679045277,0.022136003048463644,0.3077005911934786,0.18316229283999008,0.11354360724938889,19.0,12141.0,16796.0,212.46734375,200.52844241080692,20.651368036457335,0,630
cast_ok_0_6644.jpeg,0.09776361848072432,0.1700224235198892,0.5675675675675675,0.7972972972972974,0.8783783783783784,0.043860896412339596,0.09917420352843447,0.2502216066638611,0.5250514666423756,1.0035575188159125,0.9567351688870227,0.3008738521486262,1.3648648648648647,1.608108108108108,1.7229729729729728,0.6221199234558252,1.2605900064662596,0.6384700830104344,0.19592055255379914,0.3317008632003057,0.0032323371753284103,0.02126900867324637,0.0063266385993972435,0.12982262405963144,0.13295143442151516,0.2083189546092438,0.05428255918282835,0.08672096072882876,0.3233947592426438,0.0336807233073366,0.3687988155523131,0.27536262981718307,0.14639301347523817,11.0,15743.0,25374.0,219.8346875,210.06925402671652,20.214552215087732,0,779
cast_ok_0_6741.jpeg,0.07585415276345325,0.1556667961242681,0.38399999999999995,0.8,0.904,0.04445999861669736,0.09826606841480193,0.26328691574022434,0.5040307131975584,0.8231500470752584,1.0128876539464904,0.2732271153098304,1.4400000000000002,1.68,2.032,0.8019123365768532,1.3055221900531653,0.503609853476312,0.13647446245559133,0.19999376584099715,0.0015290719709345636,0.01355254387913797,0.002744488152959473,0.1342708156357411,0.1427525909275063,0.22257798920501326,0.047492714037403454,0.09861860762967707,0.31607355228249934,0.020387626279127515,0.2786749984832858,0.17368197536856156,0.09726384760055815,5.0,5852.0,14021.0,208.3896875,199.26159110814154,15.256004981453676,0,633
cast_ok_0_6854.jpeg,0.07815878104467655,0.16614130611297787,0.4552845528455284,0.8211382113821138,0.9024390243902439,0.040127150902163955,0.09045544577632351,0.23013121058850802,0.47842108015118295,0.8038560070917451,1.0222297289506794,0.2901827938912137,1.4796747967479675,1.7073170731707317,2.073170731707317,0.8237167179114913,1.2434315393965916,0.4197148214851003,0.10582542884417805,0.18375104278057552,0.0014201336216634929,0.014459542329664656,0.002711164186812123,0.13176042776146057,0.14649969338024077,0.22396152728915858,0.046229652820363856,0.0981721158915104,0.3143013910854339,0.020484351633691594,0.2536032909890066,0.1663096064290959,0.10292387073413596,8.0,6130.0,16303.0,206.14734375,196.5838454563772,15.66764782460103,0,754
cast_ok_0_6890.jpeg,0.14037313572431478,0.18278598703353433,0.6551724137931034,0.8448275862068966,0.9051724137931034,0.053341899305140106,0.10354119430405319,0.2781425123735404,0.555068607833295,1.1139573148137725,1.0499944874520806,0.3612071577612684,1.7327586206896552,1.896551724137931,2.1982758620689657,0.7511954165300172,1.5014720048599428,0.7502765883299256,0.19516599800739284,0.2515121582021189,0.003224124445989398,0.033744677153037285,0.013921960545754758,0.15023898496567306,0.18230642217780482,0.2310680455374989,0.09045798209785348,0.0778743373598679,0.17192143912401148,0.04524202659250891,0.6586803215360084,0.43636677461246365,0.1882777439876383,11.0,32945.0,52166.0,219.99140625,208.34737986246108,19.08262363573678,0,729
cast_ok_0_694.jpeg,0.08325625984422579,0.16571128216620218,0.3902439024390245,0.8373983739837398,0.9024390243902439,0.03976079981431391,0.09255613000105839,0.23216329335629948,0.48425252086615533,0.9028463520786335,0.9750362373633527,0.2706636519388038,1.32520325203252,1.7560975609756098,2.048780487804878,0.6979151998892756,1.2747267734886953,0.5768115735994197,0.15753621351343525,0.2698547456523066,0.001155165573732235,0.014865464049847146,0.0033721500081678375,0.1297986044666402,0.141128561760519,0.2260390655994026,0.047793517070780146,0.0917131455508623,0.3230263004363959,0.02110802548365266,0.2992385510714674,0.18280213205699988,0.11043185032089634,17.0,12001.0,16477.0,212.68640625,201.87859938870716,18.833971741387067,0,597
cast_ok_0_7005.jpeg,0.08889421551561964,0.18553921379812938,0.6949152542372882,0.8559322033898304,0.8983050847457628,0.038498292245571136,0.08837206235049083,0.21402500008347078,0.4685782348149841,0.8841881238301729,1.0015018311719142,0.3155366798579737,1.5762711864406778,1.7542372881355932,2.11864406779661,0.7330757188911348,1.1820453144785361,0.44896959558740135,0.13225905591652462,0.2526960317319157,0.0009330058875888768,0.014509850182847705,0.0028204660739755702,0.12992375089815222,0.14518429547331282,0.23331581713084604,0.04807661372483833,0.09306465623558935,0.31077675421193174,0.021394790180917347,0.2997683908679828,0.1832118471580256,0.1089866348496546,18.0,10259.0,17869.0,210.55953125,200.20554676122333,17.521872888287678,0,620
cast_ok_0_7076.jpeg,0.10644047508006094,0.1899283184661747,0.6357615894039734,0.8940397350993378,0.9536423841059603,0.04072722233345339,0.07006123621091317,0.18720656266639735,0.33531338048922876,0.7492174623177499,0.9906973851941671,0.2858824601220547,1.3509933774834437,1.4768211920529801,1.662251655629139,0.6615358332946085,1.310598411723498,0.6490625784288894,0.18494807803304894,0.31608129284786834,0.00121205999696985,0.022233725569415688,0.007550123731124691,0.14754305338114238,0.23097318317256704,0.24992424625018939,0.08221806979445483,0.07207969294480077,0.15232816524417958,0.033937679915155804,0.42595070422535214,0.20421361502347418,0.12007042253521127,15.0,12271.0,16960.0,192.45078125,188.24473128862223,30.690943025900488,0,697
cast_ok_0_7111.jpeg,0.13502079168486028,0.16079271798973432,0.5042735042735043,0.7777777777777778,0.8888888888888888,0.058137382193844796,0.10985549907511459,0.3146587898517855,0.5597023083074285,1.108752015653477,1.0366992062237583,0.3030999299941252,1.5726495726495726,1.8290598290598292,2.1794871794871797,0.779839641279717,1.4274165447843359,0.6475769035046188,0.17394194451321823,0.24438362469575714,0.004930239650308775,0.04017891178937203,0.015362525095936365,0.1511728379374317,0.17732343896922412,0.2262954585885283,0.10001524816386693,0.07494472540598236,0.1531932196498005,0.05658339474954891,0.6774250690852406,0.44795578544604264,0.19996929544864073,4.0,36371.0,37171.0,230.0115625,221.96389305816135,8.983791963995678,0,631
cast_ok_0_7151.jpeg,0.07547320919099244,0.15638671450478114,0.3870967741935484,0.7983870967741935,0.9032258064516129,0.04426737402084994,0.09835740265478522,0.26120155735686423,0.5081363153120197,0.8478224118832737,1.0203540326961154,0.27626605281596106,1.4516129032258065,1.6935483870967742,2.0483870967741935,0.8082225656453969,1.3111219782595127,0.5028994126141159,0.13487399484060203,0.20065994037747925,0.0016262228433490027,0.013975352560030492,0.002439334265023504,0.13669165290306187,0.1419895820099098,0.22286875873459536,0.04525473256257147,0.10171515690509465,0.3118917545419896,0.021547452674374284,0.27067047682025364,0.16995725385541885,0.10143353092600903,10.0,5697.0,14219.0,208.1921875,199.5086247348762,15.426286381419322,0,633
cast_ok_0_7206.jpeg,0.08320542071526867,0.16630737705137283,0.4065040650406504,0.8373983739837398,0.9024390243902439,0.038644278887476666,0.0900943898306486,0.22563813600212088,0.46787195595336434,0.8664856085373641,0.9733115961129519,0.2702249100087961,1.32520325203252,1.7398373983739837,2.048780487804878,0.696510204052926,1.2720122576935866,0.5755020536406606,0.1567417248954208,0.2691398460159762,0.0009622478108862302,0.015032449134511553,0.0033678673381018057,0.12997829596604335,0.1424126760111621,0.22592509435374367,0.04731051736857299,0.09279276389646214,0.32027883803231016,0.02193925008820605,0.2956501744528977,0.18111110000299918,0.11099003269117338,16.0,13122.0,17852.0,211.4759375,200.9111187590022,19.450307092386147,0,630
cast_ok_0_7218.jpeg,0.07920983107550271,0.15589211544387374,0.35074626865671643,0.8134328358208955,0.8880597014925373,0.038807385056400294,0.09401350930651216,0.22206351957095066,0.5054906736708953,1.0247888252382824,0.9853600655839461,0.24517902579005946,1.3358208955223878,1.582089552238806,1.9029850746268655,0.7550448207985393,1.2176826677387258,0.4626378469401865,0.12077472667673564,0.2219188497421708,0.002723236309817464,0.025170202269363593,0.005377405032067094,0.13492846571287617,0.12653182042427233,0.2177109028120375,0.06032560434139122,0.0951258016773557,0.29438579181055746,0.03772076961026147,0.3028175528175528,0.17328042328042328,0.0964960964960965,9.0,13618.0,18372.0,223.20984375,214.70155861205671,11.558685474533075,0,610
cast_ok_0_7353.jpeg,0.10556278464541315,0.15409927537472962,0.4949494949494949,0.7878787878787878,0.898989898989899,0.06436611605191518,0.13131336014117156,0.3582469224249191,0.6581711576952802,1.1108499463499943,1.1066334068788675,0.38851442945725667,1.9090909090909092,2.2222222222222223,2.5757575757575757,0.7705951537821036,1.6656144089534572,0.8950192551713536,0.2480582314292921,0.32040912139658806,0.0032755298651252407,0.025,0.007450224791265254,0.14582530507386,0.14930956968529221,0.24274245343609505,0.06801541425818883,0.08556518946692357,0.23079640333975593,0.0420199100834939,0.5663926184420655,0.3103300408114982,0.11805760927426509,19.0,8774.0,20169.0,214.8403125,203.6452955206136,15.942577463720994,0,647
cast_ok_0_7357.jpeg,0.07768433623909736,0.1488844311641226,0.3049645390070923,0.8085106382978724,0.9078014184397163,0.03603208476483409,0.08129495254654161,0.18825913400175628,0.4463756613481165,0.7446470779237835,1.0156502174274327,0.2640391622755288,1.446808510638298,1.6312056737588652,1.8085106382978722,0.793417439030322,1.3136031865338904,0.5201857475035684,0.1479101206460985,0.2102386038796965,0.0020437605193556144,0.02208371095122718,0.0057058834409159,0.134693990789206,0.14220319233543566,0.21836795087576524,0.05901936486211552,0.09408696617160191,0.2878003218229234,0.03399485823145357,0.35892858697829133,0.16119088462978604,0.06675432562108691,19.0,9638.0,17798.0,216.48765625,201.7903647557262,14.391538144232683,0,791
cast_ok_0_7561.jpeg,0.10028722426798724,0.17662239622463327,0.618705035971223,0.8057553956834532,0.8776978417266187,0.04453513439220738,0.09917151173616734,0.23595963810177928,0.5318766095837055,1.086241599070942,0.9754434175475135,0.33527582744922624,1.4532374100719425,1.7050359712230219,1.8345323741007196,0.6731526435118417,1.165068977889665,0.49191633437782334,0.1609770904678074,0.29366024519552314,0.0027270219222851806,0.02264383183718512,0.006992635979711806,0.13232953460240657,0.14723796184291504,0.21879841259735575,0.05995203836930456,0.08586405212113495,0.28819422338235606,0.03526028734534496,0.391460558180158,0.2647584262971932,0.15099845170510937,14.0,6694.0,26233.0,218.15078125,208.6436562321549,13.436903173137164,0,620
cast_ok_0_7642.jpeg,0.10575307314818563,0.19486278976617788,0.6704545454545455,0.8295454545454546,0.9261363636363636,0.04280804717032093,0.08767302968514035,0.24152322409301474,0.4467560923532031,0.6837626156540847,0.9338599106621726,0.31284276812727024,1.2897727272727273,1.3238636363636362,1.4147727272727273,0.538995788294737,1.1939245091560111,0.6549287208612741,0.21664163716960433,0.38025475691745614,0.0027849959798175185,0.030833051726347926,0.007935490637053264,0.1493993031683699,0.16538681147092069,0.23319388932262838,0.0838528496684806,0.08454035913630166,0.19228124963585302,0.04979199925422702,0.38050645837633484,0.18849333521634745,0.12098727879110494,13.0,12667.0,16958.0,177.41953125,175.34692057214707,23.658893691993423,0,798
cast_ok_0_766.jpeg,0.07531406556901483,0.1566174772661891,0.38709677419354843,0.8064516129032258,0.8951612903225806,0.04240833700243529,0.0953485309750435,0.2500812823118658,0.4978796952649364,0.7842534618704434,1.0196362686085336,0.2769804734073598,1.4516129032258065,1.7016129032258063,2.0483870967741935,0.8095225150074736,1.3037552471977452,0.49423273219027153,0.1317242478409626,0.1983127797229738,0.001442588415786039,0.01370458994996737,0.0024615595983650666,0.1332676917440436,0.14255292353136484,0.22386453407828905,0.04390735376618619,0.1000996072953757,0.31935014826603164,0.019349003354590524,0.2644052590543528,0.16862296937914534,0.0981213085689263,6.0,6382.0,15598.0,207.25125,199.19275291613076,15.496858638413032,0,633
cast_ok_0_7673.jpeg,0.09375760003433427,0.16909690585282117,0.5538461538461539,0.7769230769230769,0.8615384615384616,0.042091991643893455,0.09040973135316752,0.2429178063628421,0.4728511645281147,0.7778602496897096,1.0518704310381828,0.3353091088189546,1.6615384615384616,1.8769230769230771,1.9615384615384617,0.7412910931350766,1.5470152706672908,0.8057241775322143,0.22823995433223093,0.2947930098051307,0.0028470527547963414,0.024363629149058586,0.006854750709283178,0.1376802968077297,0.1630061702676428,0.23818026704759637,0.07299168700275777,0.09110568815348292,0.2246394063845406,0.03833105172311172,0.3932211270225033,0.2002510693695369,0.10317091314859587,22.0,14794.0,20956.0,237.5440625,227.81851605289435,16.125160156961854,0,650
cast_ok_0_7741.jpeg,0.13238873700364862,0.1614040774328767,0.5327868852459017,0.7459016393442623,0.8934426229508197,0.0628842588675523,0.1177879689523571,0.3352539802489454,0.5899006121256547,1.1441695204064104,1.0815036091529335,0.3116707273015054,1.6311475409836065,1.9508196721311475,2.0901639344262293,0.901612165912786,1.4350642126923776,0.5334520467795916,0.16179065252856847,0.16681245844481363,0.005774561133353865,0.039882968894364025,0.016771892002874447,0.15311569654039625,0.17636792937070117,0.21401806796016837,0.09862950415768401,0.07300328508366698,0.15954470793553024,0.06289138692126064,0.648576470027183,0.39468978015165246,0.18245982164147073,15.0,15198.0,31874.0,235.455625,226.44520623993782,16.51866661182287,0,609
cast_ok_0_7831.jpeg,0.10567791817791818,0.15657559534907678,0.48484848484848486,0.797979797979798,0.898989898989899,0.06373136233415262,0.1300454240677741,0.3621215639283906,0.6397346878313143,1.1066859769816326,1.1012290460819871,0.37986432162545025,1.8686868686868685,2.1717171717171717,2.5656565656565657,0.7800381430572088,1.5828972196655786,0.8028590766083699,0.21729366264373853,0.304025218298986,0.003492630088931286,0.027956426747084345,0.0076160876388589715,0.14656737545004153,0.15439886758777732,0.23846816629227313,0.06765239868295535,0.08826968643259378,0.222928270301874,0.04265009077761024,0.5552038382920735,0.306964001816943,0.12159323188734954,16.0,9298.0,20788.0,214.31734375,203.62722602223764,16.07555492398533,0,749
cast_ok_0_7872.jpeg,0.11263746326606834,0.2134741711301181,0.7647058823529411,0.9166666666666666,1.0245098039215685,0.04088674660931605,0.08955373800117052,0.22680791048480173,0.47374358933273464,0.7584041898149011,0.8960310640660583,0.2484560588328132,1.088235294117647,1.1127450980392155,1.2009803921568627,0.613867720117034,0.989767515330003,0.3758997952129689,0.11160153505043588,0.2692956825342344,0.0026438841061049686,0.029366778831446925,0.006576934842459468,0.14443036315168464,0.14915002403531005,0.22962461215749683,0.07517589476904252,0.08854826727264782,0.2286959751780798,0.04578726565572696,0.34820644739797063,0.20114942528735633,0.12352749025132194,5.0,11899.0,19322.0,156.199375,151.77762775365227,17.255178052284297,0,621
cast_ok_0_805.jpeg,0.08479156566394339,0.16790538963789084,0.4193548387096774,0.8467741935483871,0.9112903225806451,0.03834085330763008,0.08710858649608971,0.2248322880556556,0.45432490953945914,0.7045065698940879,0.9711907594769664,0.2733336808701785,1.3225806451612905,1.75,2.0161290322580645,0.6888989010691045,1.2883964690052117,0.5994975679361072,0.16482521237739822,0.274782924041993,0.0011618627358933433,0.015667542953713268,0.003344756360905079,0.12876725190122992,0.1432377241573561,0.22452117172096517,0.04925593840953901,0.08990939817857478,0.3212726504553563,0.022861703126466997,0.3055063332677036,0.18504298746472403,0.11311281748375665,19.0,9131.0,16709.0,212.615625,200.4396947861062,20.864576482656798,0,630
cast_ok_0_8079.jpeg,0.09643334673968085,0.168901609097754,0.5633802816901409,0.7887323943661972,0.8732394366197183,0.04552209300327434,0.10119053645156295,0.2589405114204257,0.5320077620063409,1.0495453550424638,0.9717552251146074,0.313359758587822,1.380281690140845,1.6619718309859155,1.7957746478873238,0.6527592672540747,1.2232821695282017,0.5705229022741269,0.17432740802405666,0.3143932920971626,0.002370877543643284,0.02214590997044377,0.00649599183482532,0.12983478279359545,0.1418592783176338,0.2158455421123137,0.054657764358161984,0.08637223840608986,0.30645984392608816,0.033957770737204705,0.3652760101813554,0.255130448615972,0.14583001909004137,12.0,6585.0,25346.0,218.5934375,210.18387909319898,12.220112786244487,0,802
cast_ok_0_8126.jpeg,0.0769054532017104,0.14801351409640257,0.30000000000000004,0.8071428571428572,0.9071428571428571,0.039111551471152674,0.0872944972195684,0.21071655564931757,0.4754624466712575,0.7303134810560769,1.0196636526119711,0.2651724201096965,1.457142857142857,1.6428571428571428,1.8214285714285712,0.8059523374740727,1.315464320768217,0.5095119832941444,0.14012632693392177,0.20214324576339604,0.0024775717534193885,0.02227551955471587,0.005848879436154446,0.1342640254318781,0.142013507856957,0.22647720973380245,0.058488794361544465,0.09388752503026258,0.2809498489699411,0.03331711787132465,0.3855566700100301,0.17017367893153143,0.06619859578736209,19.0,8073.0,15667.0,219.78765625,205.48388661410218,14.946742837533845,0,804
cast_ok_0_8278.jpeg,0.10289483387922745,0.2037966813826989,0.7135922330097088,0.912621359223301,1.0,0.04014595445958274,0.0906467114061606,0.23268062941515477,0.48795953828004746,0.7625619132893966,0.8870102028465597,0.2471075576290144,1.087378640776699,1.116504854368932,1.1941747572815533,0.6272076906086546,1.0094344092216043,0.38222671861294977,0.12686768707943913,0.24844287818199307,0.0022387702327363278,0.029271621492194234,0.00651278613159659,0.1463940235609616,0.15205679532611818,0.2320658940714491,0.08052389617852695,0.08785078057657313,0.21763959390862944,0.04544583852121444,0.3203126742344834,0.1643769932424898,0.10864426057673007,8.0,6866.0,14389.0,155.74640625,153.01775087215267,17.808322671197693,0,621
cast_ok_0_8356.jpeg,0.14113115754572114,0.17045776718659586,0.5772357723577235,0.7886178861788617,0.8943089430894309,0.05649150049126623,0.10636801531378703,0.2804730760831806,0.556981997334114,1.0867770430641321,1.0770808601055448,0.32785682337013955,1.7317073170731707,1.9105691056910568,2.073170731707317,0.8460401005171261,1.3627056073457087,0.5166655068285826,0.15722330948007018,0.21433584892467827,0.005519094620433053,0.04009095137202212,0.017125729936437392,0.1488191824711901,0.17806831688284844,0.21723941915146505,0.09671851583897473,0.0745697896749522,0.16206914371350317,0.05977985633817374,0.6874413474841095,0.43298859359732206,0.19171270183721448,18.0,21285.0,43385.0,233.79078125,223.65471044017514,19.237407995897573,0,690
cast_ok_0_8438.jpeg,0.1355553690241527,0.16354988085602937,0.5327868852459016,0.7540983606557377,0.8770491803278688,0.06154110679030076,0.11524128014536826,0.3216234057981723,0.5800309784015744,1.118653528222801,1.0822808216207846,0.3155522004083982,1.6557377049180326,1.9426229508196722,2.0901639344262293,0.8859332166310082,1.409755542522699,0.5238223258916909,0.15797812312731196,0.18273441451664507,0.006172161842378112,0.0396921237847794,0.015515790244080946,0.15262072919334968,0.17588221661116601,0.21412278454763908,0.09755919054415048,0.07500518412802966,0.16108610531708567,0.06234371378734097,0.6641727500823106,0.40415072490094345,0.1841373281411428,20.0,12036.0,34414.0,235.23296875,226.59168543356517,16.447683906871823,0,648
cast_ok_0_8448.jpeg,0.13927421707587304,0.17850721957272106,0.6293103448275862,0.8362068965517242,0.9137931034482758,0.05300801928546948,0.10232198261975467,0.27682013052001414,0.5457719531569072,1.1020541098325485,1.0487898070286883,0.351748689371827,1.706896551724138,1.896551724137931,2.1982758620689657,0.8133597658027706,1.49620531316176,0.6828455473589895,0.19015480867709994,0.19533157841416726,0.0030532256127892418,0.033182387347981956,0.013628021063826138,0.15097171478069948,0.18321068972023533,0.23134187550386798,0.09145954476063055,0.07790871198476818,0.16778160860392116,0.04746222062127995,0.6641358219972583,0.4421758774811606,0.1908922038627828,9.0,34514.0,53624.0,219.7790625,209.25756840247132,17.492415708715633,0,729
cast_ok_0_8460.jpeg,0.0750910953997322,0.15599648786069967,0.373015873015873,0.8095238095238095,0.9047619047619048,0.0413685575984781,0.0942444528124561,0.24157509928927656,0.5027616867346326,0.7801429861641863,1.011381021558912,0.27221678229750884,1.4285714285714286,1.7102380952381366,2.0238095238095237,0.7875232818602286,1.3518377739823193,0.5643144921220907,0.16198836466414337,0.214508266185515,0.001313042892734496,0.013545664713936211,0.002603640607815411,0.13142773775054428,0.14060781541085898,0.21980562476152,0.04574327205799834,0.09900567862994636,0.326117208717707,0.019830314456938926,0.2714558102501781,0.17532372291832543,0.09716925784687591,7.0,6976.0,16566.0,207.10515625,197.3447262925076,17.715559934488937,0,651
cast_ok_0_8466.jpeg,0.10464708236486257,0.21060975626317674,0.7454545454545455,0.9393939393939394,1.0969696969696967,0.046611861065610265,0.09785165585726549,0.29247232183220917,0.48871152811114354,0.70434177570724,0.9515898034406917,0.2830401100210225,1.2606060606060605,1.3333333333333333,1.490909090909091,0.6432129014123409,1.1815781628608606,0.5383652614485197,0.1823443479994307,0.2982877104058258,0.0018258786314051124,0.027016025864675646,0.006815062917219082,0.1459307329100086,0.17948270648710254,0.23987625892587167,0.07687297932221525,0.08556044007163957,0.19502011955434606,0.041599795315516476,0.34997722984841584,0.14837464489406457,0.10784377507427406,8.0,11780.0,13173.0,158.72890625,157.1671858326956,25.165130780496874,0,660
cast_ok_0_8691.jpeg,0.1090201107713122,0.16081089210761818,0.51,0.81,0.89,0.05902183691707793,0.12018365792118539,0.32444182608886885,0.6175117407330871,1.0762899237658967,1.1084775286441082,0.4040124030022609,2.03,2.2,2.55,0.7545394665197989,1.7356263071212126,0.9810868406014137,0.2778141390100691,0.3374973065350124,0.0033898822703049367,0.02630976194475408,0.007619600238207944,0.14121455511612638,0.1492617080731115,0.23341324497243812,0.06767548748644811,0.08412099741941395,0.24633144497549206,0.04066331750370291,0.5485012049551137,0.30197161661287825,0.11908620713953522,19.0,5789.0,20675.0,214.7478125,203.89215961408644,16.43627465808684,0,813
cast_ok_0_872.jpeg,0.08388866594392569,0.17281449741984434,0.47058823529411764,0.8403361344537815,0.907563025210084,0.03841023642140481,0.08766371926462434,0.2132637518784281,0.4607599984271639,0.9031658963865578,0.9969519497036162,0.29504021580316847,1.4621848739495797,1.73109243697479,2.1176470588235294,0.7299789291693723,1.1999154897815858,0.46993656061221345,0.12928333266002331,0.2544272120878247,0.0007710960724830308,0.01392031330850945,0.0032467203051917085,0.1290469861304167,0.1453516096630513,0.23260721786507849,0.04800073051206867,0.09175028662452694,0.31481011759215105,0.02049492192652266,0.3084248039914469,0.1849560465668805,0.10721786647659777,18.0,13884.0,19229.0,210.1884375,202.25908446014418,13.199097151954652,0,691
cast_ok_0_8723.jpeg,0.09057404919866135,0.15891287536048204,0.5,0.7734375,0.859375,0.04208343466947567,0.09189643082989338,0.24588245770385658,0.49090797365108296,0.7847820547993922,1.044346379261053,0.3041958860362914,1.609375,1.78125,1.9921875,0.785936207602118,1.4332354813500106,0.6472992737478925,0.1799647330776044,0.24415585667277828,0.0030132870759491405,0.024249360682415635,0.007340975339330103,0.14317137287862802,0.1656860816538207,0.23766519429889663,0.07577031062787246,0.09309000518607272,0.2126647472236628,0.03734866503335181,0.3818845332391571,0.20748196357398718,0.10621731160553621,27.0,16999.0,23904.0,234.69921875,226.6869998009158,15.932724261293874,0,692
cast_ok_0_8738.jpeg,0.1378008803362878,0.16173401262471893,0.5254237288135593,0.7711864406779662,0.8813559322033898,0.05831990454925334,0.10888055356933629,0.3126497055131968,0.5608130475180699,1.0806746299631638,1.0406447627134878,0.3106807708205522,1.5932203389830508,1.8644067796610169,2.1610169491525424,0.7428998058298331,1.4065396082643828,0.6636398024345498,0.18677854816380643,0.28527337827191857,0.004378427039855962,0.038393076356493985,0.015416564366969475,0.1538894344872739,0.182431050004092,0.22393403715525,0.10019232343072265,0.07356371225141174,0.1529175873639414,0.05488378754398887,0.6802663090334323,0.4760513459143596,0.20671520260561357,5.0,34210.0,49020.0,227.78234375,220.7285068512502,7.789047672301956,0,701
cast_ok_0_8762.jpeg,0.07478638491047394,0.15693891369283097,0.3870967741935484,0.8064516129032258,0.9032258064516129,0.04045485094878563,0.09130788365826491,0.23530739314338647,0.48194947718160136,0.8548387096774192,1.0201427963282501,0.27700438806654976,1.4516129032258065,1.6935483870967742,2.056451612903226,0.8095701848835013,1.3033769374778315,0.49380675259433016,0.13131558810978153,0.19888900239699803,0.0012912266653320654,0.01330263750563035,0.0025223962764626393,0.13116460637605726,0.1409739252289675,0.22050948400980933,0.04123917721835744,0.09785296031229668,0.33093438766828487,0.02020919873880186,0.2537494020653367,0.16747798193533864,0.10413911477531726,6.0,7325.0,17750.0,205.54953125,197.5026464600769,14.917117663609684,0,633
cast_ok_0_904.jpeg,0.09217241918213945,0.16635287505018667,0.5426356589147286,0.7751937984496124,0.8604651162790697,0.042698447651465056,0.09142067422012613,0.24836653086893018,0.4730540299022113,0.7621110170648308,1.055136479540705,0.33013756938716643,1.6589147286821706,1.8914728682170545,1.9767441860465118,0.7540046101870014,1.5318915729998988,0.7778869628128974,0.21861736736908696,0.2856863925220604,0.002669092508547094,0.02542135673870884,0.007117580022792251,0.14103204910330489,0.1674030829517964,0.23637963092548533,0.07404482475958174,0.09186876462002919,0.21528680248715437,0.038776815882599916,0.3835719103649854,0.20601626320917335,0.10527992205650903,25.0,14396.0,21350.0,237.600625,229.8743279871812,16.165097640449655,0,650
cast_ok_0_9150.jpeg,0.09835778664913859,0.16932587947733752,0.5633802816901409,0.7887323943661972,0.8732394366197183,0.047240660103524366,0.10556988557864173,0.26597358271051874,0.5514970338613445,1.0544951647916336,0.9716188309345491,0.3137271777863921,1.380281690140845,1.6690140845070423,1.7957746478873238,0.6555942514756857,1.2201845565778318,0.564590305102146,0.17283081049440485,0.31164065612312797,0.0027999062792877227,0.021684629803186504,0.007181349578256795,0.1307638238050609,0.1396087160262418,0.21429240862230553,0.05590440487347704,0.08823805060918463,0.3051780693533271,0.034348641049671974,0.3720709309689677,0.26328317791705796,0.1503788954161298,14.0,6019.0,23889.0,219.30796875,210.40418103631796,11.831625389848243,0,802
cast_ok_0_9191.jpeg,0.0922144136876074,0.15998096520883467,0.515625,0.7734375,0.8671875,0.04518595270387958,0.09716087131799499,0.2725221845363293,0.5143666011236828,0.7862656380412749,1.0441186389401116,0.30598964614713126,1.609375,1.796875,1.9921875,0.7806687837390272,1.4428709985300732,0.662202214791046,0.1836634199610017,0.24968585557504563,0.0035129857011380727,0.02469191227636984,0.007048418595254663,0.14519966778154392,0.16477362005881163,0.24290107522054366,0.07610720779366541,0.09462614200094278,0.2026308110170823,0.03850815955464769,0.4034512384225305,0.20947361803780226,0.10653367419638742,25.0,13108.0,19386.0,238.871875,230.67651701056465,15.36269242770796,0,692
cast_ok_0_9201.jpeg,0.09244138027563024,0.16724926227848844,0.5345911949685535,0.830188679245283,0.9433962264150944,0.03890690834371897,0.07268242783844962,0.17816137345939795,0.3874516910243322,0.7388699213863029,0.9534156940279559,0.3003095341162542,1.3270440251572326,1.4276729559748427,1.5786163522012577,0.532350460094327,1.2518102062727163,0.7194597461783894,0.2228231885343963,0.4101048970724236,0.0019076104235601662,0.022596940758098514,0.007324281996632243,0.14964143989260859,0.21797392932421134,0.2475654416353638,0.0812029721041414,0.0784475348256656,0.15687151890536133,0.036468330134357005,0.4129840771670306,0.185905384792652,0.10664237821940808,12.0,13693.0,16215.0,195.19015625,189.63469028043104,30.039684051586764,0,778
cast_ok_0_9232.jpeg,0.13421924825502113,0.1593065120931406,0.5128205128205128,0.7692307692307692,0.8803418803418803,0.05826670061757756,0.10978282636106215,0.31940692401782184,0.556293066166954,1.1567311195341285,1.0397855852046276,0.30376073236427253,1.5726495726495726,1.8290598290598292,2.1794871794871797,0.7689038383826229,1.4242932470332088,0.6553894086505859,0.17732708375276818,0.258885996241938,0.004887925147656072,0.03906746055516287,0.015730014016844172,0.15133399623821447,0.17862491164596087,0.2231553473661511,0.09961543530088295,0.07527165123216446,0.15271172023816654,0.059601538258796466,0.675310474107631,0.44905769853047833,0.1980785753339061,6.0,27121.0,39484.0,229.2246875,221.80150465335575,8.075908991962494,0,631
cast_ok_0_9239.jpeg,0.09527901547840703,0.17817022197330465,0.5697674418604651,0.9011627906976742,0.9651162790697675,0.04352583796163493,0.08685415122564971,0.23693175693240698,0.4510909281940864,0.7583950783834049,0.9367858855546931,0.30776530735960234,1.3081395348837208,1.3662790697674416,1.441860465116279,0.530568865456495,1.238159788781122,0.707590923324627,0.22466531039877485,0.3984142130635787,0.0018197834805387487,0.026612884530681318,0.006850267751582168,0.14797041982520806,0.18944293761735864,0.23963187055196236,0.079850244569627,0.08046456638152862,0.1864524654009319,0.04090455989058117,0.39535059657617155,0.17342858378004497,0.10434679232232405,13.0,11547.0,15513.0,165.33953125,159.83250349832406,26.447325309926743,0,693
cast_ok_0_93.jpeg,0.09260378383097655,0.15954229273576226,0.5039370078740156,0.7716535433070866,0.8582677165354331,0.0463190388100085,0.09914420085089408,0.28087040191800683,0.5222955401856417,0.7768834900394744,1.050151413716614,0.30574010447110533,1.6141732283464567,1.779527559055118,2.0078740157480315,0.7923897846577599,1.4411479035641637,0.6487581189064038,0.18091734630283207,0.2442242712102478,0.003146848865542617,0.02480745448089238,0.007224283387821572,0.14446117866020156,0.16929312223732385,0.24091148416167701,0.07688351761378247,0.09271571832641516,0.2007126327002902,0.03984375956605322,0.40523970690460726,0.2143288548539651,0.10368876277734095,20.0,11854.0,18002.0,239.96,231.25957834486994,15.076641450408626,0,692
cast_ok_0_9366.jpeg,0.07796725968484987,0.1667489025803994,0.46341463414634143,0.8211382113821138,0.8943089430894309,0.04019145883429436,0.09040722394584143,0.23200309120675286,0.47920872382752683,0.7783358714584566,1.0218726457443776,0.2907139146486326,1.4796747967479675,1.7073170731707317,2.065040650406504,0.8239472124136678,1.2388921437019826,0.4149449312883149,0.10450873854701813,0.1828057724247496,0.0013332604775695316,0.014469154691000493,0.002611879132287853,0.132506420414185,0.14495382765969073,0.22315720452434293,0.04498114857111633,0.09835528113217858,0.31682421725588766,0.02080760614174089,0.2505641496911217,0.16686577832235666,0.10138357073569204,8.0,6024.0,16142.0,206.31453125,198.1262063935821,16.115986172737514,0,754
cast_ok_0_9395.jpeg,0.101272710875031,0.20034046857867227,0.7058823529411765,0.9068627450980392,1.0245098039215685,0.03837370538086244,0.08631215836418976,0.22364104846786553,0.46073040172284674,0.7507495373553636,0.8869569754407184,0.24335276130054526,1.088235294117647,1.1127450980392155,1.176470588235294,0.6280896753093846,1.0071742908449357,0.37908461553555106,0.12633433911696446,0.24771173717681294,0.0022795314879983193,0.028898576605914175,0.0062293187667419505,0.1457849676978833,0.1528231524764956,0.231850412311571,0.07917432638268816,0.08933242292137192,0.21843584221860393,0.045191449130731656,0.32053386274066575,0.15761334263727408,0.10806985818042437,11.0,7902.0,15716.0,153.8296875,150.34440027124413,18.289922325736217,0,621
cast_ok_0_9411.jpeg,0.10174456216942092,0.18414180525046037,0.6225165562913907,0.8675496688741722,0.9536423841059603,0.03967398433696396,0.07061146948617797,0.19113304142501064,0.33187530206939975,0.7539205017619977,0.992802840421984,0.2808048290937934,1.3642384105960266,1.4768211920529801,1.6688741721854305,0.6828487116424239,1.2937923904484727,0.6109436788060488,0.1836473310915996,0.29602216924729574,0.001623155364466527,0.02320740456218172,0.007248441894755102,0.14659199325956856,0.22413173578500006,0.24750021683373188,0.08183924566642299,0.0760528826495843,0.15678937390808728,0.035015550076201565,0.4164274928824187,0.18879168251553188,0.11059626312574201,12.0,12419.0,15879.0,192.2303125,191.0447295220681,22.95098012414444,0,821
cast_ok_0_9536.jpeg,0.13961178231036628,0.18071104155572248,0.646551724137931,0.8448275862068966,0.9051724137931034,0.052588628847840976,0.10146465131739837,0.2729868513290561,0.5488898778216302,1.0381512718854988,1.0515234105831157,0.3595061225333395,1.7327586206896552,1.896551724137931,2.1982758620689657,0.8143600287083556,1.498190693766829,0.6838306650584735,0.1901187992869688,0.19697151977495364,0.0034805912791383642,0.03371032715872507,0.01388022720760505,0.1496064319304219,0.18228016652901616,0.2306207756746279,0.09204604830689882,0.07560383623523066,0.17176254445549394,0.047009051222842116,0.6607498843755483,0.44521793215635613,0.18453662504186402,15.0,21396.0,54964.0,219.37046875,208.16868146000422,19.6232878025312,0,729
cast_ok_0_9584.jpeg,0.0848211901455733,0.17017877893950356,0.44354838709677424,0.8467741935483871,0.9032258064516129,0.036453177416725456,0.08293041152307201,0.21101080378316026,0.4347274446375917,0.7013115778599228,0.9734091591133355,0.2767840651056058,1.3306451612903227,1.7580645161290323,2.032258064516129,0.6890930387918405,1.2981272841303797,0.6090342453385392,0.16786428724980035,0.27613328193985,0.0011377043654137874,0.015517023428282487,0.0036237990898365076,0.1283077700994438,0.14366677903252992,0.22454913197370638,0.04990097758301028,0.09056337434687342,0.32041125905949774,0.022322181021405697,0.30021089561652475,0.18113371176285084,0.1137949385052034,21.0,10007.0,18029.0,211.17421875,200.01892831739508,23.89654497121419,0,630
cast_ok_0_9734.jpeg,0.09827685927023677,0.1965464166820606,0.696969696969697,0.898989898989899,1.0101010101010102,0.038921920714242296,0.08758321057594488,0.22546541776205015,0.46725966614915054,0.7462676661547151,0.8896584284001502,0.23983048858338316,1.0858585858585859,1.1111111111111112,1.207070707070707,0.6283242391020988,1.0075477490749225,0.3792235099728237,0.12678106166008343,0.25060384301006,0.002780443126308444,0.028164253314724354,0.006335048848569435,0.14226055478018143,0.15175767620376832,0.23207431960921143,0.07775427424982555,0.08990099441730635,0.22425636775994418,0.0447160676901605,0.33676006113092205,0.1565461029037188,0.1058889454915945,11.0,7610.0,15033.0,149.15921875,145.97991423230584,17.513017999412266,0,621
cast_ok_0_9791.jpeg,0.10745077900598962,0.20861858140739378,0.7236180904522613,0.9195979899497487,1.015075376884422,0.03871187888602149,0.08705120943832657,0.2233801152404492,0.4656625773383829,0.7520803953619927,0.8792415085612412,0.2523593276553055,1.085427135678392,1.1105527638190955,1.185929648241206,0.6116869828689188,1.0039957471391268,0.392308764270208,0.12872414076758745,0.2562370008590681,0.002248890285579605,0.02857760144557489,0.006167262442550183,0.14632517578662058,0.15239423341320657,0.23154731508033155,0.07931020937266764,0.08828612955179321,0.2209117335114114,0.044231449110264366,0.3585701394132489,0.17306027735317409,0.11648464980938876,8.0,8421.0,18413.0,150.04703125,144.95339564260422,18.274450197856446,0,621
cast_ok_0_981.jpeg,0.1153768472413862,0.22517377473129277,0.7812499999999999,0.9500000000000001,1.0937500000000002,0.047606133716320984,0.09781633841133193,0.2831021904601612,0.4877805932915469,0.7604368219360829,0.9497509723638691,0.2969213429995886,1.2750000000000001,1.34375,1.50625,0.6344122051452087,1.194829365045244,0.5604171599000353,0.17956003247389804,0.3071059392207329,0.001785828859849862,0.02506576555382082,0.00692944371965695,0.1439142802147272,0.19155420578736873,0.23632825031546079,0.07533631327929508,0.08410505378873752,0.19614175417584534,0.038839104305237716,0.38781570580118785,0.16101745755594216,0.12541244225808387,9.0,12503.0,15662.0,154.92046875,150.773554835913,27.89398127077713,0,825
cast_ok_0_9840.jpeg,0.09806287328459996,0.19647337842519058,0.6985645933014355,0.8899521531100479,1.028708133971292,0.04332070318071732,0.09441684056811135,0.2633828939186036,0.47967345367446845,0.731193982159179,0.910670750495655,0.23130767537460076,1.0813397129186604,1.105263157894737,1.1722488038277512,0.6055370891161793,1.0161520339135173,0.41061494479733796,0.12056457945141448,0.2937847632795111,0.002697530721877666,0.029845756576672124,0.006271182532912181,0.1486639153390358,0.14062896271874206,0.22879441126968392,0.07873561893343785,0.09187743527079058,0.22599312936619556,0.04649205727065225,0.30999634463629133,0.15568624078095772,0.10848904465994366,7.0,12312.0,14196.0,158.28875,152.94777067274,19.783039120635642,0,596
cast_ok_0_9990.jpeg,0.11842718879988678,0.17103693822635574,0.5346534653465348,0.8316831683168316,0.900990099009901,0.05916849634340385,0.12032712320461167,0.32423851531124637,0.6198777947114018,1.0433836289294218,1.1095466013092852,0.4211088421086128,2.099009900990099,2.1881188118811883,2.5247524752475248,0.7384733907382984,1.7679551656477457,1.0294817749094474,0.29754453199163483,0.3519245906875391,0.0032050217542927365,0.02670297917566176,0.007439635989239098,0.14010760902055863,0.14864326281178386,0.23574346540901392,0.06662459729648942,0.08658540635690325,0.24467767112823408,0.04027035105782324,0.5336459160608468,0.3312664182295803,0.13591239538151384,15.0,6748.0,21123.0,216.60109375,204.97920983269202,17.717841408052443,0,827
